Name,Start,Time(ns),Duration(ns),GridX,GridY,GridZ,BlockX,BlockY,BlockZ,Registers/Thread,Static,time(ms),nblock,states exp,,,,
"test(int, int, int)",308342147,95405473,1,1,1,1024,1,1,37,304,6272,95.405473,0,439,,,,
"test(int, int, int)",311010351,74075265,1,1,1,1024,1,1,37,304,6352,74.075265,1,271,,,,
"test(int, int, int)",311057869,106846553,1,1,1,1024,1,1,37,304,6352,106.846553,2,376,,,,
"test(int, int, int)",311104140,146916618,1,1,1,1024,1,1,37,304,6352,146.916618,3,393,,Average,time(ns),122590406.853175
"test(int, int, int)",311150186,145619475,1,1,1,1024,1,1,37,304,6352,145.619475,4,385,,var,time(ns),707555192347580
"test(int, int, int)",313071534,99939890,1,1,1,1024,1,1,37,304,6352,99.93989,5,350,,,,
"test(int, int, int)",313118252,132299319,1,1,1,1024,1,1,37,304,6352,132.299319,6,333,,Average,time(ms),122.5904068532
"test(int, int, int)",313132524,88992683,1,1,1,1024,1,1,37,304,6352,88.992683,7,299,,var,time(ms),707.5551923476
"test(int, int, int)",313164523,135505138,1,1,1,1024,1,1,37,304,6352,135.505138,8,255,,,,
"test(int, int, int)",313172746,123547051,1,1,1,1024,1,1,37,304,6352,123.547051,9,246,,Average,states,310.5059602649
"test(int, int, int)",313179658,123645288,1,1,1,1024,1,1,37,304,6352,123.645288,10,198,,var,states,4699.727749574
"test(int, int, int)",313211689,136024098,1,1,1,1024,1,1,37,304,6352,136.024098,11,251,,sum,states,234432
"test(int, int, int)",313219753,109833787,1,1,1,1024,1,1,37,304,6352,109.833787,12,334,,,,
"test(int, int, int)",458188305,118424108,1,1,1,1024,1,1,37,304,6352,118.424108,13,219,,,,
"test(int, int, int)",458188337,102972979,1,1,1,1024,1,1,37,304,6352,102.972979,14,302,,,,
"test(int, int, int)",458188945,114983992,1,1,1,1024,1,1,37,304,6352,114.983992,15,354,,,,
"test(int, int, int)",458189905,100485953,1,1,1,1024,1,1,37,304,6352,100.485953,16,333,,,,
"test(int, int, int)",458189937,103478723,1,1,1,1024,1,1,37,304,6352,103.478723,17,263,,,,
"test(int, int, int)",458190033,112606883,1,1,1,1024,1,1,37,304,6352,112.606883,18,341,,,,
"test(int, int, int)",458190161,102740538,1,1,1,1024,1,1,37,304,6352,102.740538,19,333,,,,
"test(int, int, int)",458190289,129889602,1,1,1,1024,1,1,37,304,6352,129.889602,20,313,,,,
"test(int, int, int)",458190385,111628418,1,1,1,1024,1,1,37,304,6352,111.628418,21,265,,,,
"test(int, int, int)",458190513,105644542,1,1,1,1024,1,1,37,304,6352,105.644542,22,384,,,,
"test(int, int, int)",458190641,74277819,1,1,1,1024,1,1,37,304,6352,74.277819,23,392,,,,
"test(int, int, int)",458190769,119830495,1,1,1,1024,1,1,37,304,6352,119.830495,24,412,,,,
"test(int, int, int)",458190865,127863234,1,1,1,1024,1,1,37,304,6352,127.863234,25,186,,,,
"test(int, int, int)",588202640,124358161,1,1,1,1024,1,1,37,304,6352,124.358161,26,383,,,,
"test(int, int, int)",588202640,134383605,1,1,1,1024,1,1,37,304,6352,134.383605,27,343,,,,
"test(int, int, int)",588202800,84840942,1,1,1,1024,1,1,37,304,6352,84.840942,28,358,,,,
"test(int, int, int)",588203376,96348643,1,1,1,1024,1,1,37,304,6352,96.348643,29,222,,,,
"test(int, int, int)",588203408,129262614,1,1,1,1024,1,1,37,304,6352,129.262614,30,366,,,,
"test(int, int, int)",588203536,90263363,1,1,1,1024,1,1,37,304,6352,90.263363,31,445,,,,
"test(int, int, int)",588203631,87216740,1,1,1,1024,1,1,37,304,6352,87.21674,32,327,,,,
"test(int, int, int)",588203759,132255353,1,1,1,1024,1,1,37,304,6352,132.255353,33,244,,,,
"test(int, int, int)",588203887,89673335,1,1,1,1024,1,1,37,304,6352,89.673335,34,399,,,,
"test(int, int, int)",588203983,94534621,1,1,1,1024,1,1,37,304,6352,94.534621,35,376,,,,
"test(int, int, int)",588204111,105656447,1,1,1,1024,1,1,37,304,6352,105.656447,36,260,,,,
"test(int, int, int)",588204239,101385894,1,1,1,1024,1,1,37,304,6352,101.385894,37,400,,,,
"test(int, int, int)",588204367,109522533,1,1,1,1024,1,1,37,304,6352,109.522533,38,453,,,,
"test(int, int, int)",722975705,104393958,1,1,1,1024,1,1,37,304,6352,104.393958,39,220,,,,
"test(int, int, int)",722975737,127691656,1,1,1,1024,1,1,37,304,6352,127.691656,40,234,,,,
"test(int, int, int)",722975864,93954992,1,1,1,1024,1,1,37,304,6352,93.954992,41,254,,,,
"test(int, int, int)",722976568,101185676,1,1,1,1024,1,1,37,304,6352,101.185676,42,206,,,,
"test(int, int, int)",722976568,111419817,1,1,1,1024,1,1,37,304,6352,111.419817,43,242,,,,
"test(int, int, int)",722976696,118357679,1,1,1,1024,1,1,37,304,6352,118.357679,44,158,,,,
"test(int, int, int)",722976824,129501392,1,1,1,1024,1,1,37,304,6352,129.501392,45,213,,,,
"test(int, int, int)",722976952,95885683,1,1,1,1024,1,1,37,304,6352,95.885683,46,250,,,,
"test(int, int, int)",722977080,125459311,1,1,1,1024,1,1,37,304,6352,125.459311,47,238,,,,
"test(int, int, int)",722977208,117545992,1,1,1,1024,1,1,37,304,6352,117.545992,48,211,,,,
"test(int, int, int)",722977304,110579716,1,1,1,1024,1,1,37,304,6352,110.579716,49,218,,,,
"test(int, int, int)",722977432,151949804,1,1,1,1024,1,1,37,304,6352,151.949804,50,257,,,,
"test(int, int, int)",722977528,157458015,1,1,1,1024,1,1,37,304,6352,157.458015,51,247,,,,
"test(int, int, int)",880676655,141264604,1,1,1,1024,1,1,37,304,6352,141.264604,52,204,,,,
"test(int, int, int)",880676655,151531065,1,1,1,1024,1,1,37,304,6352,151.531065,53,313,,,,
"test(int, int, int)",880676751,112676897,1,1,1,1024,1,1,37,304,6352,112.676897,54,258,,,,
"test(int, int, int)",880676879,121611240,1,1,1,1024,1,1,37,304,6352,121.61124,55,280,,,,
"test(int, int, int)",880676911,110917753,1,1,1,1024,1,1,37,304,6352,110.917753,56,294,,,,
"test(int, int, int)",880677039,98142187,1,1,1,1024,1,1,37,304,6352,98.142187,57,263,,,,
"test(int, int, int)",880677135,97339813,1,1,1,1024,1,1,37,304,6352,97.339813,58,258,,,,
"test(int, int, int)",880677263,111602051,1,1,1,1024,1,1,37,304,6352,111.602051,59,262,,,,
"test(int, int, int)",880677391,99655548,1,1,1,1024,1,1,37,304,6352,99.655548,60,259,,,,
"test(int, int, int)",880677487,103399110,1,1,1,1024,1,1,37,304,6352,103.39911,61,324,,,,
"test(int, int, int)",880677615,129409490,1,1,1,1024,1,1,37,304,6352,129.40949,62,274,,,,
"test(int, int, int)",880677743,75943399,1,1,1,1024,1,1,37,304,6352,75.943399,63,306,,,,
"test(int, int, int)",880677903,117165588,1,1,1,1024,1,1,37,304,6352,117.165588,64,331,,,,
"test(int, int, int)",1032510110,96885171,1,1,1,1024,1,1,37,304,6352,96.885171,65,317,,,,
"test(int, int, int)",1032510110,113535111,1,1,1,1024,1,1,37,304,6352,113.535111,66,331,,,,
"test(int, int, int)",1032510238,125671784,1,1,1,1024,1,1,37,304,6352,125.671784,67,227,,,,
"test(int, int, int)",1032510974,117545480,1,1,1,1024,1,1,37,304,6352,117.54548,68,332,,,,
"test(int, int, int)",1032510974,145292830,1,1,1,1024,1,1,37,304,6352,145.29283,69,181,,,,
"test(int, int, int)",1032511102,81986121,1,1,1,1024,1,1,37,304,6352,81.986121,70,388,,,,
"test(int, int, int)",1032511230,109719775,1,1,1,1024,1,1,37,304,6352,109.719775,71,327,,,,
"test(int, int, int)",1032511358,114961658,1,1,1,1024,1,1,37,304,6352,114.961658,72,294,,,,
"test(int, int, int)",1032511486,131834310,1,1,1,1024,1,1,37,304,6352,131.83431,73,253,,,,
"test(int, int, int)",1032511614,117165940,1,1,1,1024,1,1,37,304,6352,117.16594,74,405,,,,
"test(int, int, int)",1032511710,178885883,1,1,1,1024,1,1,37,304,6352,178.885883,75,308,,,,
"test(int, int, int)",1032511838,87686741,1,1,1,1024,1,1,37,304,6352,87.686741,76,206,,,,
"test(int, int, int)",1032511934,87577464,1,1,1,1024,1,1,37,304,6352,87.577464,77,362,,,,
"test(int, int, int)",1211701520,88429757,1,1,1,1024,1,1,37,304,6352,88.429757,78,226,,,,
"test(int, int, int)",1211701520,101216554,1,1,1,1024,1,1,37,304,6352,101.216554,79,217,,,,
"test(int, int, int)",1211701648,150064231,1,1,1,1024,1,1,37,304,6352,150.064231,80,314,,,,
"test(int, int, int)",1211701808,148036647,1,1,1,1024,1,1,37,304,6352,148.036647,81,384,,,,
"test(int, int, int)",1211701840,89150118,1,1,1,1024,1,1,37,304,6352,89.150118,82,229,,,,
"test(int, int, int)",1211701936,94089547,1,1,1,1024,1,1,37,304,6352,94.089547,83,238,,,,
"test(int, int, int)",1211702032,101422627,1,1,1,1024,1,1,37,304,6352,101.422627,84,272,,,,
"test(int, int, int)",1211702160,142631153,1,1,1,1024,1,1,37,304,6352,142.631153,85,262,,,,
"test(int, int, int)",1211702288,146203744,1,1,1,1024,1,1,37,304,6352,146.203744,86,247,,,,
"test(int, int, int)",1211702384,128907009,1,1,1,1024,1,1,37,304,6352,128.907009,87,271,,,,
"test(int, int, int)",1211702512,103273193,1,1,1,1024,1,1,37,304,6352,103.273193,88,330,,,,
"test(int, int, int)",1211702640,177923865,1,1,1,1024,1,1,37,304,6352,177.923865,89,220,,,,
"test(int, int, int)",1211702768,162717560,1,1,1,1024,1,1,37,304,6352,162.71756,90,275,,,,
"test(int, int, int)",1389931135,87940717,1,1,1,1024,1,1,37,304,6352,87.940717,91,325,,,,
"test(int, int, int)",1389931135,85485626,1,1,1,1024,1,1,37,304,6352,85.485626,92,241,,,,
"test(int, int, int)",1389931263,126903777,1,1,1,1024,1,1,37,304,6352,126.903777,93,278,,,,
"test(int, int, int)",1389931615,127570316,1,1,1,1024,1,1,37,304,6352,127.570316,94,256,,,,
"test(int, int, int)",1389931679,168920309,1,1,1,1024,1,1,37,304,6352,168.920309,95,294,,,,
"test(int, int, int)",1389931839,125193175,1,1,1,1024,1,1,37,304,6352,125.193175,96,248,,,,
"test(int, int, int)",1389931999,144144674,1,1,1,1024,1,1,37,304,6352,144.144674,97,243,,,,
"test(int, int, int)",1389932127,160977967,1,1,1,1024,1,1,37,304,6352,160.977967,98,253,,,,
"test(int, int, int)",1389932287,125541068,1,1,1,1024,1,1,37,304,6352,125.541068,99,291,,,,
"test(int, int, int)",1389932415,151401885,1,1,1,1024,1,1,37,304,6352,151.401885,100,283,,,,
"test(int, int, int)",1389932575,132956322,1,1,1,1024,1,1,37,304,6352,132.956322,101,332,,,,
"test(int, int, int)",1389932703,122415246,1,1,1,1024,1,1,37,304,6352,122.415246,102,286,,,,
"test(int, int, int)",1389932863,125580811,1,1,1,1024,1,1,37,304,6352,125.580811,103,298,,,,
"test(int, int, int)",1559092524,140297147,1,1,1,1024,1,1,37,304,6352,140.297147,104,288,,,,
"test(int, int, int)",1559092524,136559025,1,1,1,1024,1,1,37,304,6352,136.559025,105,260,,,,
"test(int, int, int)",1559092684,139204574,1,1,1,1024,1,1,37,304,6352,139.204574,106,332,,,,
"test(int, int, int)",1559093452,128483440,1,1,1,1024,1,1,37,304,6352,128.48344,107,374,,,,
"test(int, int, int)",1559093452,161243559,1,1,1,1024,1,1,37,304,6352,161.243559,108,288,,,,
"test(int, int, int)",1559093580,97392355,1,1,1,1024,1,1,37,304,6352,97.392355,109,243,,,,
"test(int, int, int)",1559093708,130735881,1,1,1,1024,1,1,37,304,6352,130.735881,110,322,,,,
"test(int, int, int)",1559093804,81326526,1,1,1,1024,1,1,37,304,6352,81.326526,111,336,,,,
"test(int, int, int)",1559093932,95367107,1,1,1,1024,1,1,37,304,6352,95.367107,112,286,,,,
"test(int, int, int)",1559094060,98891124,1,1,1,1024,1,1,37,304,6352,98.891124,113,177,,,,
"test(int, int, int)",1559094188,111791806,1,1,1,1024,1,1,37,304,6352,111.791806,114,232,,,,
"test(int, int, int)",1559094284,104545346,1,1,1,1024,1,1,37,304,6352,104.545346,115,439,,,,
"test(int, int, int)",1559094444,94207624,1,1,1,1024,1,1,37,304,6352,94.207624,116,293,,,,
"test(int, int, int)",1720641354,96833364,1,1,1,1024,1,1,37,304,6352,96.833364,117,339,,,,
"test(int, int, int)",1720641354,120781858,1,1,1,1024,1,1,37,304,6352,120.781858,118,193,,,,
"test(int, int, int)",1720641482,110253101,1,1,1,1024,1,1,37,304,6352,110.253101,119,198,,,,
"test(int, int, int)",1720642090,78208479,1,1,1,1024,1,1,37,304,6352,78.208479,120,238,,,,
"test(int, int, int)",1720642122,148302430,1,1,1,1024,1,1,37,304,6352,148.30243,121,210,,,,
"test(int, int, int)",1720642250,112044181,1,1,1,1024,1,1,37,304,6352,112.044181,122,239,,,,
"test(int, int, int)",1720642378,93506237,1,1,1,1024,1,1,37,304,6352,93.506237,123,228,,,,
"test(int, int, int)",1720642506,110106578,1,1,1,1024,1,1,37,304,6352,110.106578,124,150,,,,
"test(int, int, int)",1720642634,126878593,1,1,1,1024,1,1,37,304,6352,126.878593,125,189,,,,
"test(int, int, int)",1720642730,122874880,1,1,1,1024,1,1,37,304,6352,122.87488,126,224,,,,
"test(int, int, int)",1720642858,83867341,1,1,1,1024,1,1,37,304,6352,83.867341,127,175,,,,
"test(int, int, int)",1720642986,122124951,1,1,1,1024,1,1,37,304,6352,122.124951,128,176,,,,
"test(int, int, int)",1720643082,132044351,1,1,1,1024,1,1,37,304,6352,132.044351,129,173,,,,
"test(int, int, int)",1869185729,128951392,1,1,1,1024,1,1,37,304,6352,128.951392,130,203,,,,
"test(int, int, int)",1869185729,108045331,1,1,1,1024,1,1,37,304,6352,108.045331,131,178,,,,
"test(int, int, int)",1869185889,123474509,1,1,1,1024,1,1,37,304,6352,123.474509,132,225,,,,
"test(int, int, int)",1869186529,149205186,1,1,1,1024,1,1,37,304,6352,149.205186,133,210,,,,
"test(int, int, int)",1869186561,87944588,1,1,1,1024,1,1,37,304,6352,87.944588,134,228,,,,
"test(int, int, int)",1869186689,126193495,1,1,1,1024,1,1,37,304,6352,126.193495,135,252,,,,
"test(int, int, int)",1869186817,141343546,1,1,1,1024,1,1,37,304,6352,141.343546,136,224,,,,
"test(int, int, int)",1869186913,81571861,1,1,1,1024,1,1,37,304,6352,81.571861,137,208,,,,
"test(int, int, int)",1869187041,91827794,1,1,1,1024,1,1,37,304,6352,91.827794,138,365,,,,
"test(int, int, int)",1869187169,112991831,1,1,1,1024,1,1,37,304,6352,112.991831,139,393,,,,
"test(int, int, int)",1869187297,85806192,1,1,1,1024,1,1,37,304,6352,85.806192,140,313,,,,
"test(int, int, int)",1869187393,93503549,1,1,1,1024,1,1,37,304,6352,93.503549,141,354,,,,
"test(int, int, int)",1869187553,120515690,1,1,1,1024,1,1,37,304,6352,120.51569,142,294,,,,
"test(int, int, int)",2018693753,177642370,1,1,1,1024,1,1,37,304,6352,177.64237,143,369,,,,
"test(int, int, int)",2018693753,165249673,1,1,1,1024,1,1,37,304,6352,165.249673,144,340,,,,
"test(int, int, int)",2018693913,94030093,1,1,1,1024,1,1,37,304,6352,94.030093,145,300,,,,
"test(int, int, int)",2018694361,91520508,1,1,1,1024,1,1,37,304,6352,91.520508,146,214,,,,
"test(int, int, int)",2018694393,162405378,1,1,1,1024,1,1,37,304,6352,162.405378,147,234,,,,
"test(int, int, int)",2018694521,92791380,1,1,1,1024,1,1,37,304,6352,92.79138,148,286,,,,
"test(int, int, int)",2018694649,125881121,1,1,1,1024,1,1,37,304,6352,125.881121,149,294,,,,
"test(int, int, int)",2018694777,115792447,1,1,1,1024,1,1,37,304,6352,115.792447,150,242,,,,
"test(int, int, int)",2018694905,136615087,1,1,1,1024,1,1,37,304,6352,136.615087,151,325,,,,
"test(int, int, int)",2018695001,124635977,1,1,1,1024,1,1,37,304,6352,124.635977,152,296,,,,
"test(int, int, int)",2018695129,137452021,1,1,1,1024,1,1,37,304,6352,137.452021,153,331,,,,
"test(int, int, int)",2018695257,125256725,1,1,1,1024,1,1,37,304,6352,125.256725,154,454,,,,
"test(int, int, int)",2018695353,164971826,1,1,1,1024,1,1,37,304,6352,164.971826,155,319,,,,
"test(int, int, int)",2196637106,122267955,1,1,1,1024,1,1,37,304,6352,122.267955,156,402,,,,
"test(int, int, int)",2196637106,113301709,1,1,1,1024,1,1,37,304,6352,113.301709,157,321,,,,
"test(int, int, int)",2196637234,146604436,1,1,1,1024,1,1,37,304,6352,146.604436,158,330,,,,
"test(int, int, int)",2196637394,92409888,1,1,1,1024,1,1,37,304,6352,92.409888,159,323,,,,
"test(int, int, int)",2196637394,90927630,1,1,1,1024,1,1,37,304,6352,90.92763,160,436,,,,
"test(int, int, int)",2196637522,110262829,1,1,1,1024,1,1,37,304,6352,110.262829,161,326,,,,
"test(int, int, int)",2196637618,154254723,1,1,1,1024,1,1,37,304,6352,154.254723,162,397,,,,
"test(int, int, int)",2196637746,140711790,1,1,1,1024,1,1,37,304,6352,140.71179,163,308,,,,
"test(int, int, int)",2196637842,158458718,1,1,1,1024,1,1,37,304,6352,158.458718,164,332,,,,
"test(int, int, int)",2196637970,148674515,1,1,1,1024,1,1,37,304,6352,148.674515,165,341,,,,
"test(int, int, int)",2196638098,153513658,1,1,1,1024,1,1,37,304,6352,153.513658,166,343,,,,
"test(int, int, int)",2196638226,86737619,1,1,1,1024,1,1,37,304,6352,86.737619,167,410,,,,
"test(int, int, int)",2196925001,110186192,1,1,1,1024,1,1,37,304,6352,110.186192,168,323,,,,
"test(int, int, int)",2355338025,177179120,1,1,1,1024,1,1,37,304,6352,177.17912,169,417,,,,
"test(int, int, int)",2355338025,85622710,1,1,1,1024,1,1,37,304,6352,85.62271,170,449,,,,
"test(int, int, int)",2355338249,145733231,1,1,1,1024,1,1,37,304,6352,145.733231,171,194,,,,
"test(int, int, int)",2355339145,147811310,1,1,1,1024,1,1,37,304,6352,147.81131,172,250,,,,
"test(int, int, int)",2355339945,149782992,1,1,1,1024,1,1,37,304,6352,149.782992,173,286,,,,
"test(int, int, int)",2355340201,157574778,1,1,1,1024,1,1,37,304,6352,157.574778,174,315,,,,
"test(int, int, int)",2355340329,143850443,1,1,1,1024,1,1,37,304,6352,143.850443,175,240,,,,
"test(int, int, int)",2355340457,166523328,1,1,1,1024,1,1,37,304,6352,166.523328,176,231,,,,
"test(int, int, int)",2355340553,126649705,1,1,1,1024,1,1,37,304,6352,126.649705,177,390,,,,
"test(int, int, int)",2355340681,127726599,1,1,1,1024,1,1,37,304,6352,127.726599,178,318,,,,
"test(int, int, int)",2355340809,146130211,1,1,1,1024,1,1,37,304,6352,146.130211,179,199,,,,
"test(int, int, int)",2355340937,135201883,1,1,1,1024,1,1,37,304,6352,135.201883,180,272,,,,
"test(int, int, int)",2355341033,132382420,1,1,1,1024,1,1,37,304,6352,132.38242,181,305,,,,
"test(int, int, int)",2532821232,170322377,1,1,1,1024,1,1,37,304,6352,170.322377,182,373,,,,
"test(int, int, int)",2532821232,130322741,1,1,1,1024,1,1,37,304,6352,130.322741,183,211,,,,
"test(int, int, int)",2532821392,165110061,1,1,1,1024,1,1,37,304,6352,165.110061,184,284,,,,
"test(int, int, int)",2532821616,137344664,1,1,1,1024,1,1,37,304,6352,137.344664,185,360,,,,
"test(int, int, int)",2532823568,162499327,1,1,1,1024,1,1,37,304,6352,162.499327,186,232,,,,
"test(int, int, int)",2532823728,157319202,1,1,1,1024,1,1,37,304,6352,157.319202,187,208,,,,
"test(int, int, int)",2532823824,140490677,1,1,1,1024,1,1,37,304,6352,140.490677,188,224,,,,
"test(int, int, int)",2532823952,186113911,1,1,1,1024,1,1,37,304,6352,186.113911,189,317,,,,
"test(int, int, int)",2532824048,130104956,1,1,1,1024,1,1,37,304,6352,130.104956,190,419,,,,
"test(int, int, int)",2532824176,82254176,1,1,1,1024,1,1,37,304,6352,82.254176,191,232,,,,
"test(int, int, int)",2532824304,98111724,1,1,1,1024,1,1,37,304,6352,98.111724,192,353,,,,
"test(int, int, int)",2532824432,104160813,1,1,1,1024,1,1,37,304,6352,104.160813,193,288,,,,
"test(int, int, int)",2532824560,89810962,1,1,1,1024,1,1,37,304,6352,89.810962,194,295,,,,
"test(int, int, int)",2719240573,136401302,1,1,1,1024,1,1,37,304,6352,136.401302,195,223,,,,
"test(int, int, int)",2719240573,149497241,1,1,1,1024,1,1,37,304,6352,149.497241,196,196,,,,
"test(int, int, int)",2719240669,136231579,1,1,1,1024,1,1,37,304,6352,136.231579,197,208,,,,
"test(int, int, int)",2719241309,159852083,1,1,1,1024,1,1,37,304,6352,159.852083,198,234,,,,
"test(int, int, int)",2719241341,93775733,1,1,1,1024,1,1,37,304,6352,93.775733,199,224,,,,
"test(int, int, int)",2719241469,98816438,1,1,1,1024,1,1,37,304,6352,98.816438,200,286,,,,
"test(int, int, int)",2719241597,116214258,1,1,1,1024,1,1,37,304,6352,116.214258,201,252,,,,
"test(int, int, int)",2719241725,72053570,1,1,1,1024,1,1,37,304,6352,72.05357,202,218,,,,
"test(int, int, int)",2719241853,161489855,1,1,1,1024,1,1,37,304,6352,161.489855,203,228,,,,
"test(int, int, int)",2719241949,192136762,1,1,1,1024,1,1,37,304,6352,192.136762,204,228,,,,
"test(int, int, int)",2719242077,156702070,1,1,1,1024,1,1,37,304,6352,156.70207,205,210,,,,
"test(int, int, int)",2719242173,153515771,1,1,1,1024,1,1,37,304,6352,153.515771,206,228,,,,
"test(int, int, int)",2719242301,180610405,1,1,1,1024,1,1,37,304,6352,180.610405,207,225,,,,
"test(int, int, int)",2911682989,104776730,1,1,1,1024,1,1,37,304,6352,104.77673,208,283,,,,
"test(int, int, int)",2911682989,84725074,1,1,1,1024,1,1,37,304,6352,84.725074,209,385,,,,
"test(int, int, int)",2911683117,81088805,1,1,1,1024,1,1,37,304,6352,81.088805,210,361,,,,
"test(int, int, int)",2911683245,92298819,1,1,1,1024,1,1,37,304,6352,92.298819,211,332,,,,
"test(int, int, int)",2911683277,103436484,1,1,1,1024,1,1,37,304,6352,103.436484,212,306,,,,
"test(int, int, int)",2911683405,71430709,1,1,1,1024,1,1,37,304,6352,71.430709,213,340,,,,
"test(int, int, int)",2911683501,102538337,1,1,1,1024,1,1,37,304,6352,102.538337,214,327,,,,
"test(int, int, int)",2911683629,92712662,1,1,1,1024,1,1,37,304,6352,92.712662,215,328,,,,
"test(int, int, int)",2911683725,76308795,1,1,1,1024,1,1,37,304,6352,76.308795,216,388,,,,
"test(int, int, int)",2911683853,173060146,1,1,1,1024,1,1,37,304,6352,173.060146,217,381,,,,
"test(int, int, int)",2911719724,169571232,1,1,1,1024,1,1,37,304,6352,169.571232,218,477,,,,
"test(int, int, int)",2911964836,95741719,1,1,1,1024,1,1,37,304,6352,95.741719,219,244,,,,
"test(int, int, int)",2912005411,126277749,1,1,1,1024,1,1,37,304,6352,126.277749,220,259,,,,
"test(int, int, int)",3084986520,144974823,1,1,1,1024,1,1,37,304,6352,144.974823,221,292,,,,
"test(int, int, int)",3084986520,132158555,1,1,1,1024,1,1,37,304,6352,132.158555,222,297,,,,
"test(int, int, int)",3084986712,89382879,1,1,1,1024,1,1,37,304,6352,89.382879,223,302,,,,
"test(int, int, int)",3084987128,79843020,1,1,1,1024,1,1,37,304,6352,79.84302,224,325,,,,
"test(int, int, int)",3084987160,96922194,1,1,1,1024,1,1,37,304,6352,96.922194,225,323,,,,
"test(int, int, int)",3084987256,97918898,1,1,1,1024,1,1,37,304,6352,97.918898,226,320,,,,
"test(int, int, int)",3084987416,96214696,1,1,1,1024,1,1,37,304,6352,96.214696,227,318,,,,
"test(int, int, int)",3084987544,102562400,1,1,1,1024,1,1,37,304,6352,102.5624,228,349,,,,
"test(int, int, int)",3084987640,82593173,1,1,1,1024,1,1,37,304,6352,82.593173,229,304,,,,
"test(int, int, int)",3084987768,112525574,1,1,1,1024,1,1,37,304,6352,112.525574,230,374,,,,
"test(int, int, int)",3084987896,128405009,1,1,1,1024,1,1,37,304,6352,128.405009,231,372,,,,
"test(int, int, int)",3084988024,90897679,1,1,1,1024,1,1,37,304,6352,90.897679,232,366,,,,
"test(int, int, int)",3084988120,104603839,1,1,1,1024,1,1,37,304,6352,104.603839,233,426,,,,
"test(int, int, int)",3230263766,94223207,1,1,1,1024,1,1,37,304,6352,94.223207,234,424,,,,
"test(int, int, int)",3230263798,125957023,1,1,1,1024,1,1,37,304,6352,125.957023,235,375,,,,
"test(int, int, int)",3230263894,94125482,1,1,1,1024,1,1,37,304,6352,94.125482,236,345,,,,
"test(int, int, int)",3230264022,132643052,1,1,1,1024,1,1,37,304,6352,132.643052,237,390,,,,
"test(int, int, int)",3230264054,86136037,1,1,1,1024,1,1,37,304,6352,86.136037,238,449,,,,
"test(int, int, int)",3230264182,134792008,1,1,1,1024,1,1,37,304,6352,134.792008,239,354,,,,
"test(int, int, int)",3230264278,96325412,1,1,1,1024,1,1,37,304,6352,96.325412,240,326,,,,
"test(int, int, int)",3230281365,117043576,1,1,1,1024,1,1,37,304,6352,117.043576,241,409,,,,
"test(int, int, int)",3230283093,105587681,1,1,1,1024,1,1,37,304,6352,105.587681,242,399,,,,
"test(int, int, int)",3230549229,88704564,1,1,1,1024,1,1,37,304,6352,88.704564,243,397,,,,
"test(int, int, int)",3230677289,88545817,1,1,1,1024,1,1,37,304,6352,88.545817,244,339,,,,
"test(int, int, int)",3230688616,122213141,1,1,1,1024,1,1,37,304,6352,122.213141,245,466,,,,
"test(int, int, int)",3230732647,109818747,1,1,1,1024,1,1,37,304,6352,109.818747,246,401,,,,
"test(int, int, int)",3365297399,83715249,1,1,1,1024,1,1,37,304,6352,83.715249,247,424,,,,
"test(int, int, int)",3365297527,90963821,1,1,1,1024,1,1,37,304,6352,90.963821,248,343,,,,
"test(int, int, int)",3365297687,101378885,1,1,1,1024,1,1,37,304,6352,101.378885,249,457,,,,
"test(int, int, int)",3365297783,88094087,1,1,1,1024,1,1,37,304,6352,88.094087,250,399,,,,
"test(int, int, int)",3365623116,131432403,1,1,1,1024,1,1,37,304,6352,131.432403,251,231,,,,
"test(int, int, int)",3365623244,133022784,1,1,1,1024,1,1,37,304,6352,133.022784,252,243,,,,
"test(int, int, int)",3365668523,62009726,1,1,1,1024,1,1,37,304,6352,62.009726,253,246,,,,
"test(int, int, int)",3365727241,121307409,1,1,1,1024,1,1,37,304,6352,121.307409,254,249,,,,
"test(int, int, int)",3365758312,85152837,1,1,1,1024,1,1,37,304,6352,85.152837,255,242,,,,
"test(int, int, int)",3365785927,74785323,1,1,1,1024,1,1,37,304,6352,74.785323,256,294,,,,
"test(int, int, int)",3498949603,125568011,1,1,1,1024,1,1,37,304,6352,125.568011,257,206,,,,
"test(int, int, int)",3498950051,108736381,1,1,1,1024,1,1,37,304,6352,108.736381,258,179,,,,
"test(int, int, int)",3498950179,130588589,1,1,1,1024,1,1,37,304,6352,130.588589,259,224,,,,
"test(int, int, int)",3498950339,145957768,1,1,1,1024,1,1,37,304,6352,145.957768,260,347,,,,
"test(int, int, int)",3498950371,151577111,1,1,1,1024,1,1,37,304,6352,151.577111,261,295,,,,
"test(int, int, int)",3498950499,133889669,1,1,1,1024,1,1,37,304,6352,133.889669,262,248,,,,
"test(int, int, int)",3498950563,143238558,1,1,1,1024,1,1,37,304,6352,143.238558,263,204,,,,
"test(int, int, int)",3498950691,138760139,1,1,1,1024,1,1,37,304,6352,138.760139,264,211,,,,
"test(int, int, int)",3498950819,128979775,1,1,1,1024,1,1,37,304,6352,128.979775,265,247,,,,
"test(int, int, int)",3498950947,158129961,1,1,1,1024,1,1,37,304,6352,158.129961,266,250,,,,
"test(int, int, int)",3498951075,190870689,1,1,1,1024,1,1,37,304,6352,190.870689,267,268,,,,
"test(int, int, int)",3498951171,180734272,1,1,1,1024,1,1,37,304,6352,180.734272,268,264,,,,
"test(int, int, int)",3498993057,87885999,1,1,1,1024,1,1,37,304,6352,87.885999,269,294,,,,
"test(int, int, int)",3690064828,92534236,1,1,1,1024,1,1,37,304,6352,92.534236,270,230,,,,
"test(int, int, int)",3690064892,70910726,1,1,1,1024,1,1,37,304,6352,70.910726,271,269,,,,
"test(int, int, int)",3690065084,65564878,1,1,1,1024,1,1,37,304,6352,65.564878,272,271,,,,
"test(int, int, int)",3690065244,136805481,1,1,1,1024,1,1,37,304,6352,136.805481,273,312,,,,
"test(int, int, int)",3690065468,140918056,1,1,1,1024,1,1,37,304,6352,140.918056,274,214,,,,
"test(int, int, int)",3690065596,170826873,1,1,1,1024,1,1,37,304,6352,170.826873,275,206,,,,
"test(int, int, int)",3690066492,148604277,1,1,1,1024,1,1,37,304,6352,148.604277,276,215,,,,
"test(int, int, int)",3690066780,137325977,1,1,1,1024,1,1,37,304,6352,137.325977,277,265,,,,
"test(int, int, int)",3690066940,130011935,1,1,1,1024,1,1,37,304,6352,130.011935,278,209,,,,
"test(int, int, int)",3690067132,150152485,1,1,1,1024,1,1,37,304,6352,150.152485,279,215,,,,
"test(int, int, int)",3690067356,142634033,1,1,1,1024,1,1,37,304,6352,142.634033,280,222,,,,
"test(int, int, int)",3690067548,138221981,1,1,1,1024,1,1,37,304,6352,138.221981,281,368,,,,
"test(int, int, int)",3690067708,120731940,1,1,1,1024,1,1,37,304,6352,120.73194,282,401,,,,
"test(int, int, int)",3861194796,152957804,1,1,1,1024,1,1,37,304,6352,152.957804,283,473,,,,
"test(int, int, int)",3861194828,140766060,1,1,1,1024,1,1,37,304,6352,140.76606,284,450,,,,
"test(int, int, int)",3861197739,156279652,1,1,1,1024,1,1,37,304,6352,156.279652,285,439,,,,
"test(int, int, int)",3861197995,132020960,1,1,1,1024,1,1,37,304,6352,132.02096,286,341,,,,
"test(int, int, int)",3861198027,133237306,1,1,1,1024,1,1,37,304,6352,133.237306,287,398,,,,
"test(int, int, int)",3861198155,119960668,1,1,1,1024,1,1,37,304,6352,119.960668,288,300,,,,
"test(int, int, int)",3861198251,131854277,1,1,1,1024,1,1,37,304,6352,131.854277,289,370,,,,
"test(int, int, int)",3861198379,141814956,1,1,1,1024,1,1,37,304,6352,141.814956,290,375,,,,
"test(int, int, int)",3861198507,133181340,1,1,1,1024,1,1,37,304,6352,133.18134,291,406,,,,
"test(int, int, int)",3861198635,125502254,1,1,1,1024,1,1,37,304,6352,125.502254,292,352,,,,
"test(int, int, int)",3861198763,125843843,1,1,1,1024,1,1,37,304,6352,125.843843,293,405,,,,
"test(int, int, int)",3861198891,138819690,1,1,1,1024,1,1,37,304,6352,138.81969,294,369,,,,
"test(int, int, int)",3861198987,154389503,1,1,1,1024,1,1,37,304,6352,154.389503,295,399,,,,
"test(int, int, int)",4017781925,148194914,1,1,1,1024,1,1,37,304,6352,148.194914,296,320,,,,
"test(int, int, int)",4017781925,168512994,1,1,1,1024,1,1,37,304,6352,168.512994,297,290,,,,
"test(int, int, int)",4017782117,181703682,1,1,1,1024,1,1,37,304,6352,181.703682,298,280,,,,
"test(int, int, int)",4017782821,128275446,1,1,1,1024,1,1,37,304,6352,128.275446,299,347,,,,
"test(int, int, int)",4017782853,151219107,1,1,1,1024,1,1,37,304,6352,151.219107,300,290,,,,
"test(int, int, int)",4017782949,128235575,1,1,1,1024,1,1,37,304,6352,128.235575,301,307,,,,
"test(int, int, int)",4017783109,144090563,1,1,1,1024,1,1,37,304,6352,144.090563,302,275,,,,
"test(int, int, int)",4017783205,139592305,1,1,1,1024,1,1,37,304,6352,139.592305,303,317,,,,
"test(int, int, int)",4017783333,135779433,1,1,1,1024,1,1,37,304,6352,135.779433,304,278,,,,
"test(int, int, int)",4017783461,116963802,1,1,1,1024,1,1,37,304,6352,116.963802,305,331,,,,
"test(int, int, int)",4017783557,153751635,1,1,1,1024,1,1,37,304,6352,153.751635,306,443,,,,
"test(int, int, int)",4017783685,129190137,1,1,1,1024,1,1,37,304,6352,129.190137,307,337,,,,
"test(int, int, int)",4017783813,107764508,1,1,1,1024,1,1,37,304,6352,107.764508,308,329,,,,
"test(int, int, int)",4199787102,99238952,1,1,1,1024,1,1,37,304,6352,99.238952,309,324,,,,
"test(int, int, int)",4199787102,99580798,1,1,1,1024,1,1,37,304,6352,99.580798,310,468,,,,
"test(int, int, int)",4199787646,89908718,1,1,1,1024,1,1,37,304,6352,89.908718,311,363,,,,
"test(int, int, int)",4199787774,129507023,1,1,1,1024,1,1,37,304,6352,129.507023,312,305,,,,
"test(int, int, int)",4199787806,102478594,1,1,1,1024,1,1,37,304,6352,102.478594,313,298,,,,
"test(int, int, int)",4199787934,123244980,1,1,1,1024,1,1,37,304,6352,123.24498,314,339,,,,
"test(int, int, int)",4199788062,105430085,1,1,1,1024,1,1,37,304,6352,105.430085,315,326,,,,
"test(int, int, int)",4199788158,133471762,1,1,1,1024,1,1,37,304,6352,133.471762,316,330,,,,
"test(int, int, int)",4199788286,113855548,1,1,1,1024,1,1,37,304,6352,113.855548,317,277,,,,
"test(int, int, int)",4199788414,109191055,1,1,1,1024,1,1,37,304,6352,109.191055,318,330,,,,
"test(int, int, int)",4199788542,97936433,1,1,1,1024,1,1,37,304,6352,97.936433,319,377,,,,
"test(int, int, int)",4199788670,133705706,1,1,1,1024,1,1,37,304,6352,133.705706,320,379,,,,
"test(int, int, int)",4199788766,161331012,1,1,1,1024,1,1,37,304,6352,161.331012,321,327,,,,
"test(int, int, int)",4361362746,183551816,1,1,1,1024,1,1,37,304,6352,183.551816,322,366,,,,
"test(int, int, int)",4361362778,158200519,1,1,1,1024,1,1,37,304,6352,158.200519,323,345,,,,
"test(int, int, int)",4361362906,130719945,1,1,1,1024,1,1,37,304,6352,130.719945,324,324,,,,
"test(int, int, int)",4361362970,190848738,1,1,1,1024,1,1,37,304,6352,190.848738,325,337,,,,
"test(int, int, int)",4361363002,140727405,1,1,1,1024,1,1,37,304,6352,140.727405,326,475,,,,
"test(int, int, int)",4361363130,147561654,1,1,1,1024,1,1,37,304,6352,147.561654,327,393,,,,
"test(int, int, int)",4361363258,103406469,1,1,1,1024,1,1,37,304,6352,103.406469,328,350,,,,
"test(int, int, int)",4361363386,128475343,1,1,1,1024,1,1,37,304,6352,128.475343,329,373,,,,
"test(int, int, int)",4361363514,139995652,1,1,1,1024,1,1,37,304,6352,139.995652,330,349,,,,
"test(int, int, int)",4361363610,108668160,1,1,1,1024,1,1,37,304,6352,108.66816,331,330,,,,
"test(int, int, int)",4361363706,114239120,1,1,1,1024,1,1,37,304,6352,114.23912,332,270,,,,
"test(int, int, int)",4361363834,165625149,1,1,1,1024,1,1,37,304,6352,165.625149,333,302,,,,
"test(int, int, int)",4361363994,131303158,1,1,1,1024,1,1,37,304,6352,131.303158,334,323,,,,
"test(int, int, int)",4552514066,116303791,1,1,1,1024,1,1,37,304,6352,116.303791,335,303,,,,
"test(int, int, int)",4552514066,128704585,1,1,1,1024,1,1,37,304,6352,128.704585,336,320,,,,
"test(int, int, int)",4552514194,170702365,1,1,1,1024,1,1,37,304,6352,170.702365,337,255,,,,
"test(int, int, int)",4552514290,115705250,1,1,1,1024,1,1,37,304,6352,115.70525,338,327,,,,
"test(int, int, int)",4552514322,68955811,1,1,1,1024,1,1,37,304,6352,68.955811,339,266,,,,
"test(int, int, int)",4552514482,146634964,1,1,1,1024,1,1,37,304,6352,146.634964,340,339,,,,
"test(int, int, int)",4552831784,184100343,1,1,1,1024,1,1,37,304,6352,184.100343,341,322,,,,
"test(int, int, int)",4552907014,133493233,1,1,1,1024,1,1,37,304,6352,133.493233,342,260,,,,
"test(int, int, int)",4552933285,159031533,1,1,1,1024,1,1,37,304,6352,159.031533,343,299,,,,
"test(int, int, int)",4552974468,150316031,1,1,1,1024,1,1,37,304,6352,150.316031,344,324,,,,
"test(int, int, int)",4552974596,116757025,1,1,1,1024,1,1,37,304,6352,116.757025,345,344,,,,
"test(int, int, int)",4553018275,132819622,1,1,1,1024,1,1,37,304,6352,132.819622,346,343,,,,
"test(int, int, int)",4553066401,168858807,1,1,1,1024,1,1,37,304,6352,168.858807,347,359,,,,
"test(int, int, int)",4737236501,138057634,1,1,1,1024,1,1,37,304,6352,138.057634,348,356,,,,
"test(int, int, int)",4737236725,143721007,1,1,1,1024,1,1,37,304,6352,143.721007,349,397,,,,
"test(int, int, int)",4737237141,147537399,1,1,1,1024,1,1,37,304,6352,147.537399,350,356,,,,
"test(int, int, int)",4737237365,172549923,1,1,1,1024,1,1,37,304,6352,172.549923,351,320,,,,
"test(int, int, int)",4737237397,132621549,1,1,1,1024,1,1,37,304,6352,132.621549,352,334,,,,
"test(int, int, int)",4737237813,128772902,1,1,1,1024,1,1,37,304,6352,128.772902,353,413,,,,
"test(int, int, int)",4737238037,140491061,1,1,1,1024,1,1,37,304,6352,140.491061,354,314,,,,
"test(int, int, int)",4737238229,170173774,1,1,1,1024,1,1,37,304,6352,170.173774,355,386,,,,
"test(int, int, int)",4737238421,126813764,1,1,1,1024,1,1,37,304,6352,126.813764,356,349,,,,
"test(int, int, int)",4737238549,140267420,1,1,1,1024,1,1,37,304,6352,140.26742,357,400,,,,
"test(int, int, int)",4737238645,163630108,1,1,1,1024,1,1,37,304,6352,163.630108,358,462,,,,
"test(int, int, int)",4737238773,115478249,1,1,1,1024,1,1,37,304,6352,115.478249,359,334,,,,
"test(int, int, int)",4737238933,153119687,1,1,1,1024,1,1,37,304,6352,153.119687,360,366,,,,
"test(int, int, int)",4910090062,105683678,1,1,1,1024,1,1,37,304,6352,105.683678,361,386,,,,
"test(int, int, int)",4910090062,144825229,1,1,1,1024,1,1,37,304,6352,144.825229,362,317,,,,
"test(int, int, int)",4910090190,135272282,1,1,1,1024,1,1,37,304,6352,135.272282,363,468,,,,
"test(int, int, int)",4910092206,149634901,1,1,1,1024,1,1,37,304,6352,149.634901,364,278,,,,
"test(int, int, int)",4910092270,164448002,1,1,1,1024,1,1,37,304,6352,164.448002,365,322,,,,
"test(int, int, int)",4910092398,108558019,1,1,1,1024,1,1,37,304,6352,108.558019,366,351,,,,
"test(int, int, int)",4910092494,121655143,1,1,1,1024,1,1,37,304,6352,121.655143,367,299,,,,
"test(int, int, int)",4910092622,100378277,1,1,1,1024,1,1,37,304,6352,100.378277,368,348,,,,
"test(int, int, int)",4910092718,140076162,1,1,1,1024,1,1,37,304,6352,140.076162,369,266,,,,
"test(int, int, int)",4910092846,126847203,1,1,1,1024,1,1,37,304,6352,126.847203,370,313,,,,
"test(int, int, int)",4910092974,120636647,1,1,1,1024,1,1,37,304,6352,120.636647,371,235,,,,
"test(int, int, int)",4910093102,121141015,1,1,1,1024,1,1,37,304,6352,121.141015,372,260,,,,
"test(int, int, int)",4910093198,123160759,1,1,1,1024,1,1,37,304,6352,123.160759,373,267,,,,
"test(int, int, int)",5074780745,166656540,1,1,1,1024,1,1,37,304,6352,166.65654,374,255,,,,
"test(int, int, int)",5074780745,113836508,1,1,1,1024,1,1,37,304,6352,113.836508,375,331,,,,
"test(int, int, int)",5074780873,158885393,1,1,1,1024,1,1,37,304,6352,158.885393,376,275,,,,
"test(int, int, int)",5074781353,91276067,1,1,1,1024,1,1,37,304,6352,91.276067,377,339,,,,
"test(int, int, int)",5074781353,126274804,1,1,1,1024,1,1,37,304,6352,126.274804,378,267,,,,
"test(int, int, int)",5074781481,134630829,1,1,1,1024,1,1,37,304,6352,134.630829,379,433,,,,
"test(int, int, int)",5074781641,94023053,1,1,1,1024,1,1,37,304,6352,94.023053,380,303,,,,
"test(int, int, int)",5074781737,149666995,1,1,1,1024,1,1,37,304,6352,149.666995,381,337,,,,
"test(int, int, int)",5074781865,183496425,1,1,1,1024,1,1,37,304,6352,183.496425,382,327,,,,
"test(int, int, int)",5074781993,154574808,1,1,1,1024,1,1,37,304,6352,154.574808,383,380,,,,
"test(int, int, int)",5074782089,131969441,1,1,1,1024,1,1,37,304,6352,131.969441,384,287,,,,
"test(int, int, int)",5074782217,109035604,1,1,1,1024,1,1,37,304,6352,109.035604,385,302,,,,
"test(int, int, int)",5074782344,99109037,1,1,1,1024,1,1,37,304,6352,99.109037,386,282,,,,
"test(int, int, int)",5258582601,121065112,1,1,1,1024,1,1,37,304,6352,121.065112,387,320,,,,
"test(int, int, int)",5258582665,123233908,1,1,1,1024,1,1,37,304,6352,123.233908,388,425,,,,
"test(int, int, int)",5258582729,135731434,1,1,1,1024,1,1,37,304,6352,135.731434,389,315,,,,
"test(int, int, int)",5258582888,93527613,1,1,1,1024,1,1,37,304,6352,93.527613,390,403,,,,
"test(int, int, int)",5258582920,142337659,1,1,1,1024,1,1,37,304,6352,142.337659,391,309,,,,
"test(int, int, int)",5258583016,76894249,1,1,1,1024,1,1,37,304,6352,76.894249,392,391,,,,
"test(int, int, int)",5258583112,115205138,1,1,1,1024,1,1,37,304,6352,115.205138,393,241,,,,
"test(int, int, int)",5258583240,90687927,1,1,1,1024,1,1,37,304,6352,90.687927,394,216,,,,
"test(int, int, int)",5258583368,137043010,1,1,1,1024,1,1,37,304,6352,137.04301,395,313,,,,
"test(int, int, int)",5258583464,143524630,1,1,1,1024,1,1,37,304,6352,143.52463,396,345,,,,
"test(int, int, int)",5258583624,138099329,1,1,1,1024,1,1,37,304,6352,138.099329,397,300,,,,
"test(int, int, int)",5258583752,100270345,1,1,1,1024,1,1,37,304,6352,100.270345,398,201,,,,
"test(int, int, int)",5258583848,137342744,1,1,1,1024,1,1,37,304,6352,137.342744,399,266,,,,
"test(int, int, int)",5402413460,153067241,1,1,1,1024,1,1,37,304,6352,153.067241,400,362,,,,
"test(int, int, int)",5402413492,117529320,1,1,1,1024,1,1,37,304,6352,117.52932,401,317,,,,
"test(int, int, int)",5402413748,132232537,1,1,1,1024,1,1,37,304,6352,132.232537,402,407,,,,
"test(int, int, int)",5402413972,163082509,1,1,1,1024,1,1,37,304,6352,163.082509,403,307,,,,
"test(int, int, int)",5402414004,126195255,1,1,1,1024,1,1,37,304,6352,126.195255,404,241,,,,
"test(int, int, int)",5402414132,130424402,1,1,1,1024,1,1,37,304,6352,130.424402,405,233,,,,
"test(int, int, int)",5402414260,127294517,1,1,1,1024,1,1,37,304,6352,127.294517,406,298,,,,
"test(int, int, int)",5402414388,130787719,1,1,1,1024,1,1,37,304,6352,130.787719,407,371,,,,
"test(int, int, int)",5402414516,156137192,1,1,1,1024,1,1,37,304,6352,156.137192,408,324,,,,
"test(int, int, int)",5402449587,114591845,1,1,1,1024,1,1,37,304,6352,114.591845,409,321,,,,
"test(int, int, int)",5402766473,124105337,1,1,1,1024,1,1,37,304,6352,124.105337,410,462,,,,
"test(int, int, int)",5402811176,133107421,1,1,1,1024,1,1,37,304,6352,133.107421,411,349,,,,
"test(int, int, int)",5402811304,128827236,1,1,1,1024,1,1,37,304,6352,128.827236,412,400,,,,
"test(int, int, int)",5565737881,129798470,1,1,1,1024,1,1,37,304,6352,129.79847,413,386,,,,
"test(int, int, int)",5565737913,132592110,1,1,1,1024,1,1,37,304,6352,132.59211,414,413,,,,
"test(int, int, int)",5565738169,127130042,1,1,1,1024,1,1,37,304,6352,127.130042,415,314,,,,
"test(int, int, int)",5565738585,126680168,1,1,1,1024,1,1,37,304,6352,126.680168,416,334,,,,
"test(int, int, int)",5565738617,125571787,1,1,1,1024,1,1,37,304,6352,125.571787,417,356,,,,
"test(int, int, int)",5565738777,152745235,1,1,1,1024,1,1,37,304,6352,152.745235,418,320,,,,
"test(int, int, int)",5565738841,133239546,1,1,1,1024,1,1,37,304,6352,133.239546,419,397,,,,
"test(int, int, int)",5565738969,124210230,1,1,1,1024,1,1,37,304,6352,124.21023,420,356,,,,
"test(int, int, int)",5565739097,88664086,1,1,1,1024,1,1,37,304,6352,88.664086,421,359,,,,
"test(int, int, int)",5565739225,88595064,1,1,1,1024,1,1,37,304,6352,88.595064,422,330,,,,
"test(int, int, int)",5565739353,112158898,1,1,1,1024,1,1,37,304,6352,112.158898,423,338,,,,
"test(int, int, int)",5565739481,120815937,1,1,1,1024,1,1,37,304,6352,120.815937,424,359,,,,
"test(int, int, int)",5565739577,146982184,1,1,1,1024,1,1,37,304,6352,146.982184,425,317,,,,
"test(int, int, int)",5718785762,143067748,1,1,1,1024,1,1,37,304,6352,143.067748,426,328,,,,
"test(int, int, int)",5718785762,155586841,1,1,1,1024,1,1,37,304,6352,155.586841,427,425,,,,
"test(int, int, int)",5718786050,114653923,1,1,1,1024,1,1,37,304,6352,114.653923,428,378,,,,
"test(int, int, int)",5718786690,116765313,1,1,1,1024,1,1,37,304,6352,116.765313,429,282,,,,
"test(int, int, int)",5718786722,115122997,1,1,1,1024,1,1,37,304,6352,115.122997,430,397,,,,
"test(int, int, int)",5718786850,128961120,1,1,1,1024,1,1,37,304,6352,128.96112,431,339,,,,
"test(int, int, int)",5718786978,136801673,1,1,1,1024,1,1,37,304,6352,136.801673,432,287,,,,
"test(int, int, int)",5718787106,110740319,1,1,1,1024,1,1,37,304,6352,110.740319,433,372,,,,
"test(int, int, int)",5718787202,166323303,1,1,1,1024,1,1,37,304,6352,166.323303,434,427,,,,
"test(int, int, int)",5718787330,129076861,1,1,1,1024,1,1,37,304,6352,129.076861,435,337,,,,
"test(int, int, int)",5718787426,123797091,1,1,1,1024,1,1,37,304,6352,123.797091,436,307,,,,
"test(int, int, int)",5718787554,99485985,1,1,1,1024,1,1,37,304,6352,99.485985,437,227,,,,
"test(int, int, int)",5718787682,129599724,1,1,1,1024,1,1,37,304,6352,129.599724,438,267,,,,
"test(int, int, int)",5885354049,123006940,1,1,1,1024,1,1,37,304,6352,123.00694,439,380,,,,
"test(int, int, int)",5885354049,125605130,1,1,1,1024,1,1,37,304,6352,125.60513,440,275,,,,
"test(int, int, int)",5885354241,133186875,1,1,1,1024,1,1,37,304,6352,133.186875,441,350,,,,
"test(int, int, int)",5885354625,154693494,1,1,1,1024,1,1,37,304,6352,154.693494,442,227,,,,
"test(int, int, int)",5885354657,129404595,1,1,1,1024,1,1,37,304,6352,129.404595,443,307,,,,
"test(int, int, int)",5885354785,156156136,1,1,1,1024,1,1,37,304,6352,156.156136,444,267,,,,
"test(int, int, int)",5885354913,143433592,1,1,1,1024,1,1,37,304,6352,143.433592,445,433,,,,
"test(int, int, int)",5885355009,100275400,1,1,1,1024,1,1,37,304,6352,100.2754,446,235,,,,
"test(int, int, int)",5885355137,76807852,1,1,1,1024,1,1,37,304,6352,76.807852,447,419,,,,
"test(int, int, int)",5885355265,121004059,1,1,1,1024,1,1,37,304,6352,121.004059,448,339,,,,
"test(int, int, int)",5885355393,134602447,1,1,1,1024,1,1,37,304,6352,134.602447,449,397,,,,
"test(int, int, int)",5885355521,124472878,1,1,1,1024,1,1,37,304,6352,124.472878,450,348,,,,
"test(int, int, int)",5885355617,128405362,1,1,1,1024,1,1,37,304,6352,128.405362,451,331,,,,
"test(int, int, int)",6041812159,124152408,1,1,1,1024,1,1,37,304,6352,124.152408,452,351,,,,
"test(int, int, int)",6041812191,164263304,1,1,1,1024,1,1,37,304,6352,164.263304,453,354,,,,
"test(int, int, int)",6041812255,139894664,1,1,1,1024,1,1,37,304,6352,139.894664,454,328,,,,
"test(int, int, int)",6041812415,117706819,1,1,1,1024,1,1,37,304,6352,117.706819,455,313,,,,
"test(int, int, int)",6041812447,113068501,1,1,1,1024,1,1,37,304,6352,113.068501,456,289,,,,
"test(int, int, int)",6041812543,117769729,1,1,1,1024,1,1,37,304,6352,117.769729,457,278,,,,
"test(int, int, int)",6041812671,116538440,1,1,1,1024,1,1,37,304,6352,116.53844,458,297,,,,
"test(int, int, int)",6041830206,149835791,1,1,1,1024,1,1,37,304,6352,149.835791,459,385,,,,
"test(int, int, int)",6041830334,99511009,1,1,1,1024,1,1,37,304,6352,99.511009,460,410,,,,
"test(int, int, int)",6042074775,90105832,1,1,1,1024,1,1,37,304,6352,90.105832,461,322,,,,
"test(int, int, int)",6042101334,106835065,1,1,1,1024,1,1,37,304,6352,106.835065,462,324,,,,
"test(int, int, int)",6042172692,124953566,1,1,1,1024,1,1,37,304,6352,124.953566,463,369,,,,
"test(int, int, int)",6042206483,119991482,1,1,1,1024,1,1,37,304,6352,119.991482,464,449,,,,
"test(int, int, int)",6206410876,109870906,1,1,1,1024,1,1,37,304,6352,109.870906,465,376,,,,
"test(int, int, int)",6206441691,173406152,1,1,1,1024,1,1,37,304,6352,173.406152,466,361,,,,
"test(int, int, int)",6206693395,142699791,1,1,1,1024,1,1,37,304,6352,142.699791,467,347,,,,
"test(int, int, int)",6206757713,124186615,1,1,1,1024,1,1,37,304,6352,124.186615,468,280,,,,
"test(int, int, int)",6206782224,102871063,1,1,1,1024,1,1,37,304,6352,102.871063,469,290,,,,
"test(int, int, int)",6206836783,150865038,1,1,1,1024,1,1,37,304,6352,150.865038,470,320,,,,
"test(int, int, int)",6206952459,99752857,1,1,1,1024,1,1,37,304,6352,99.752857,471,399,,,,
"test(int, int, int)",6380091515,189241333,1,1,1,1024,1,1,37,304,6352,189.241333,472,391,,,,
"test(int, int, int)",6380091771,189022235,1,1,1,1024,1,1,37,304,6352,189.022235,473,283,,,,
"test(int, int, int)",6380091931,125644041,1,1,1,1024,1,1,37,304,6352,125.644041,474,293,,,,
"test(int, int, int)",6380092123,134753418,1,1,1,1024,1,1,37,304,6352,134.753418,475,331,,,,
"test(int, int, int)",6380092155,156490973,1,1,1,1024,1,1,37,304,6352,156.490973,476,266,,,,
"test(int, int, int)",6380092283,158266085,1,1,1,1024,1,1,37,304,6352,158.266085,477,289,,,,
"test(int, int, int)",6380092411,133346102,1,1,1,1024,1,1,37,304,6352,133.346102,478,278,,,,
"test(int, int, int)",6380092507,158298660,1,1,1,1024,1,1,37,304,6352,158.29866,479,300,,,,
"test(int, int, int)",6380092635,176933272,1,1,1,1024,1,1,37,304,6352,176.933272,480,354,,,,
"test(int, int, int)",6380092763,130562702,1,1,1,1024,1,1,37,304,6352,130.562702,481,317,,,,
"test(int, int, int)",6380092891,137476180,1,1,1,1024,1,1,37,304,6352,137.47618,482,313,,,,
"test(int, int, int)",6380093019,121270066,1,1,1,1024,1,1,37,304,6352,121.270066,483,419,,,,
"test(int, int, int)",6380093115,166510945,1,1,1,1024,1,1,37,304,6352,166.510945,484,275,,,,
"test(int, int, int)",6569631878,117440523,1,1,1,1024,1,1,37,304,6352,117.440523,485,241,,,,
"test(int, int, int)",6569631910,93378114,1,1,1,1024,1,1,37,304,6352,93.378114,486,350,,,,
"test(int, int, int)",6569632006,94027885,1,1,1,1024,1,1,37,304,6352,94.027885,487,307,,,,
"test(int, int, int)",6569632134,96320645,1,1,1,1024,1,1,37,304,6352,96.320645,488,391,,,,
"test(int, int, int)",6569632134,79372411,1,1,1,1024,1,1,37,304,6352,79.372411,489,427,,,,
"test(int, int, int)",6569632294,64223288,1,1,1,1024,1,1,37,304,6352,64.223288,490,334,,,,
"test(int, int, int)",6569672549,126097242,1,1,1,1024,1,1,37,304,6352,126.097242,491,362,,,,
"test(int, int, int)",6569905662,152161509,1,1,1,1024,1,1,37,304,6352,152.161509,492,201,,,,
"test(int, int, int)",6569975035,137228444,1,1,1,1024,1,1,37,304,6352,137.228444,493,345,,,,
"test(int, int, int)",6570005690,120703077,1,1,1,1024,1,1,37,304,6352,120.703077,494,216,,,,
"test(int, int, int)",6722369881,69436532,1,1,1,1024,1,1,37,304,6352,69.436532,495,309,,,,
"test(int, int, int)",6722370137,85104326,1,1,1,1024,1,1,37,304,6352,85.104326,496,444,,,,
"test(int, int, int)",6722370265,65511664,1,1,1,1024,1,1,37,304,6352,65.511664,497,326,,,,
"test(int, int, int)",6722370393,73715885,1,1,1,1024,1,1,37,304,6352,73.715885,498,339,,,,
"test(int, int, int)",6722370425,71720972,1,1,1,1024,1,1,37,304,6352,71.720972,499,298,,,,
"test(int, int, int)",6722370521,91441662,1,1,1,1024,1,1,37,304,6352,91.441662,500,305,,,,
"test(int, int, int)",6722370649,82451770,1,1,1,1024,1,1,37,304,6352,82.45177,501,432,,,,
"test(int, int, int)",6722370777,148698322,1,1,1,1024,1,1,37,304,6352,148.698322,502,298,,,,
"test(int, int, int)",6722370873,114161106,1,1,1,1024,1,1,37,304,6352,114.161106,503,233,,,,
"test(int, int, int)",6722371001,159179816,1,1,1,1024,1,1,37,304,6352,159.179816,504,241,,,,
"test(int, int, int)",6722371129,105767131,1,1,1,1024,1,1,37,304,6352,105.767131,505,307,,,,
"test(int, int, int)",6722371225,128755719,1,1,1,1024,1,1,37,304,6352,128.755719,506,407,,,,
"test(int, int, int)",6722391064,159319236,1,1,1,1024,1,1,37,304,6352,159.319236,507,467,,,,
"test(int, int, int)",6881951092,140405784,1,1,1,1024,1,1,37,304,6352,140.405784,508,468,,,,
"test(int, int, int)",6881951092,103938549,1,1,1,1024,1,1,37,304,6352,103.938549,509,324,,,,
"test(int, int, int)",6881951348,156160807,1,1,1,1024,1,1,37,304,6352,156.160807,510,329,,,,
"test(int, int, int)",6881951764,145776750,1,1,1,1024,1,1,37,304,6352,145.77675,511,337,,,,
"test(int, int, int)",6881951828,152095143,1,1,1,1024,1,1,37,304,6352,152.095143,512,168,,,,
"test(int, int, int)",6881952020,180542791,1,1,1,1024,1,1,37,304,6352,180.542791,513,203,,,,
"test(int, int, int)",6881952212,165083950,1,1,1,1024,1,1,37,304,6352,165.08395,514,173,,,,
"test(int, int, int)",6881952436,163191786,1,1,1,1024,1,1,37,304,6352,163.191786,515,176,,,,
"test(int, int, int)",6881952596,184583048,1,1,1,1024,1,1,37,304,6352,184.583048,516,175,,,,
"test(int, int, int)",6881952788,162010191,1,1,1,1024,1,1,37,304,6352,162.010191,517,224,,,,
"test(int, int, int)",6881952948,161021198,1,1,1,1024,1,1,37,304,6352,161.021198,518,189,,,,
"test(int, int, int)",6881953076,166883093,1,1,1,1024,1,1,37,304,6352,166.883093,519,395,,,,
"test(int, int, int)",6881953172,136854280,1,1,1,1024,1,1,37,304,6352,136.85428,520,405,,,,
"test(int, int, int)",7066837362,170302665,1,1,1,1024,1,1,37,304,6352,170.302665,521,352,,,,
"test(int, int, int)",7066837394,127227159,1,1,1,1024,1,1,37,304,6352,127.227159,522,406,,,,
"test(int, int, int)",7066838034,160638522,1,1,1,1024,1,1,37,304,6352,160.638522,523,375,,,,
"test(int, int, int)",7066838162,142268669,1,1,1,1024,1,1,37,304,6352,142.268669,524,227,,,,
"test(int, int, int)",7066838162,139090625,1,1,1,1024,1,1,37,304,6352,139.090625,525,378,,,,
"test(int, int, int)",7066838290,164855797,1,1,1,1024,1,1,37,304,6352,164.855797,526,432,,,,
"test(int, int, int)",7066838418,146543350,1,1,1,1024,1,1,37,304,6352,146.54335,527,332,,,,
"test(int, int, int)",7066838546,174311755,1,1,1,1024,1,1,37,304,6352,174.311755,528,391,,,,
"test(int, int, int)",7066838642,137768139,1,1,1,1024,1,1,37,304,6352,137.768139,529,371,,,,
"test(int, int, int)",7066838770,136796585,1,1,1,1024,1,1,37,304,6352,136.796585,530,307,,,,
"test(int, int, int)",7066838898,92735926,1,1,1,1024,1,1,37,304,6352,92.735926,531,265,,,,
"test(int, int, int)",7066839026,110717695,1,1,1,1024,1,1,37,304,6352,110.717695,532,211,,,,
"test(int, int, int)",7066839154,126119418,1,1,1,1024,1,1,37,304,6352,126.119418,533,232,,,,
"test(int, int, int)",7241453107,126607627,1,1,1,1024,1,1,37,304,6352,126.607627,534,243,,,,
"test(int, int, int)",7241453107,147952938,1,1,1,1024,1,1,37,304,6352,147.952938,535,288,,,,
"test(int, int, int)",7241453235,144531542,1,1,1,1024,1,1,37,304,6352,144.531542,536,253,,,,
"test(int, int, int)",7241453331,143377114,1,1,1,1024,1,1,37,304,6352,143.377114,537,241,,,,
"test(int, int, int)",7241453363,102099343,1,1,1,1024,1,1,37,304,6352,102.099343,538,247,,,,
"test(int, int, int)",7241453523,93702104,1,1,1,1024,1,1,37,304,6352,93.702104,539,394,,,,
"test(int, int, int)",7241453619,93892594,1,1,1,1024,1,1,37,304,6352,93.892594,540,393,,,,
"test(int, int, int)",7241453747,85818256,1,1,1,1024,1,1,37,304,6352,85.818256,541,360,,,,
"test(int, int, int)",7241453875,146622548,1,1,1,1024,1,1,37,304,6352,146.622548,542,457,,,,
"test(int, int, int)",7241454003,121138743,1,1,1,1024,1,1,37,304,6352,121.138743,543,401,,,,
"test(int, int, int)",7241454099,164550687,1,1,1,1024,1,1,37,304,6352,164.550687,544,417,,,,
"test(int, int, int)",7241454227,111026742,1,1,1,1024,1,1,37,304,6352,111.026742,545,466,,,,
"test(int, int, int)",7241454323,88827697,1,1,1,1024,1,1,37,304,6352,88.827697,546,399,,,,
"test(int, int, int)",7406308072,110169585,1,1,1,1024,1,1,37,304,6352,110.169585,547,410,,,,
"test(int, int, int)",7406308136,121285682,1,1,1,1024,1,1,37,304,6352,121.285682,548,409,,,,
"test(int, int, int)",7406308200,126905761,1,1,1,1024,1,1,37,304,6352,126.905761,549,449,,,,
"test(int, int, int)",7406308328,113839165,1,1,1,1024,1,1,37,304,6352,113.839165,550,341,,,,
"test(int, int, int)",7406308360,132618253,1,1,1,1024,1,1,37,304,6352,132.618253,551,390,,,,
"test(int, int, int)",7406308488,128035358,1,1,1,1024,1,1,37,304,6352,128.035358,552,424,,,,
"test(int, int, int)",7406308616,148411292,1,1,1,1024,1,1,37,304,6352,148.411292,553,308,,,,
"test(int, int, int)",7406308712,122175350,1,1,1,1024,1,1,37,304,6352,122.17535,554,360,,,,
"test(int, int, int)",7406308840,74887657,1,1,1,1024,1,1,37,304,6352,74.887657,555,439,,,,
"test(int, int, int)",7406308968,141495350,1,1,1,1024,1,1,37,304,6352,141.49535,556,286,,,,
"test(int, int, int)",7406309064,68808968,1,1,1,1024,1,1,37,304,6352,68.808968,557,374,,,,
"test(int, int, int)",7406309192,156199430,1,1,1,1024,1,1,37,304,6352,156.19943,558,332,,,,
"test(int, int, int)",7406344871,119684357,1,1,1,1024,1,1,37,304,6352,119.684357,559,294,,,,
"test(int, int, int)",7562751911,92102057,1,1,1,1024,1,1,37,304,6352,92.102057,560,227,,,,
"test(int, int, int)",7562751911,81122083,1,1,1,1024,1,1,37,304,6352,81.122083,561,312,,,,
"test(int, int, int)",7562752039,76175295,1,1,1,1024,1,1,37,304,6352,76.175295,562,269,,,,
"test(int, int, int)",7562752359,128936960,1,1,1,1024,1,1,37,304,6352,128.93696,563,294,,,,
"test(int, int, int)",7562752391,168698971,1,1,1,1024,1,1,37,304,6352,168.698971,564,268,,,,
"test(int, int, int)",7562752519,126160376,1,1,1,1024,1,1,37,304,6352,126.160376,565,247,,,,
"test(int, int, int)",7562752615,179383083,1,1,1,1024,1,1,37,304,6352,179.383083,566,185,,,,
"test(int, int, int)",7562752775,106228108,1,1,1,1024,1,1,37,304,6352,106.228108,567,201,,,,
"test(int, int, int)",7562752870,146190242,1,1,1,1024,1,1,37,304,6352,146.190242,568,293,,,,
"test(int, int, int)",7562775814,128638666,1,1,1,1024,1,1,37,304,6352,128.638666,569,266,,,,
"test(int, int, int)",7563122235,120813409,1,1,1,1024,1,1,37,304,6352,120.813409,570,251,,,,
"test(int, int, int)",7563165146,116344557,1,1,1,1024,1,1,37,304,6352,116.344557,571,301,,,,
"test(int, int, int)",7563186969,87538105,1,1,1,1024,1,1,37,304,6352,87.538105,572,320,,,,
"test(int, int, int)",7742438088,151699604,1,1,1,1024,1,1,37,304,6352,151.699604,573,214,,,,
"test(int, int, int)",7742438120,81196417,1,1,1,1024,1,1,37,304,6352,81.196417,574,243,,,,
"test(int, int, int)",7742438344,148192130,1,1,1,1024,1,1,37,304,6352,148.19213,575,286,,,,
"test(int, int, int)",7742438792,122081945,1,1,1,1024,1,1,37,304,6352,122.081945,576,248,,,,
"test(int, int, int)",7742438952,139369400,1,1,1,1024,1,1,37,304,6352,139.3694,577,275,,,,
"test(int, int, int)",7742439144,125426064,1,1,1,1024,1,1,37,304,6352,125.426064,578,272,,,,
"test(int, int, int)",7742439368,121601800,1,1,1,1024,1,1,37,304,6352,121.6018,579,226,,,,
"test(int, int, int)",7742439464,158864978,1,1,1,1024,1,1,37,304,6352,158.864978,580,253,,,,
"test(int, int, int)",7742439560,150664500,1,1,1,1024,1,1,37,304,6352,150.6645,581,405,,,,
"test(int, int, int)",7742439688,124317299,1,1,1,1024,1,1,37,304,6352,124.317299,582,351,,,,
"test(int, int, int)",7742439816,133256089,1,1,1,1024,1,1,37,304,6352,133.256089,583,320,,,,
"test(int, int, int)",7742439912,119152693,1,1,1,1024,1,1,37,304,6352,119.152693,584,353,,,,
"test(int, int, int)",7742440072,132744649,1,1,1,1024,1,1,37,304,6352,132.744649,585,374,,,,
"test(int, int, int)",7901459669,95106315,1,1,1,1024,1,1,37,304,6352,95.106315,586,419,,,,
"test(int, int, int)",7901459701,125577003,1,1,1,1024,1,1,37,304,6352,125.577003,587,317,,,,
"test(int, int, int)",7901459829,118759394,1,1,1,1024,1,1,37,304,6352,118.759394,588,232,,,,
"test(int, int, int)",7901460085,131211225,1,1,1,1024,1,1,37,304,6352,131.211225,589,349,,,,
"test(int, int, int)",7901460117,131337333,1,1,1,1024,1,1,37,304,6352,131.337333,590,360,,,,
"test(int, int, int)",7901460757,130323189,1,1,1,1024,1,1,37,304,6352,130.323189,591,320,,,,
"test(int, int, int)",7901460885,112573253,1,1,1,1024,1,1,37,304,6352,112.573253,592,373,,,,
"test(int, int, int)",7901461013,121789026,1,1,1,1024,1,1,37,304,6352,121.789026,593,305,,,,
"test(int, int, int)",7901461141,97894931,1,1,1,1024,1,1,37,304,6352,97.894931,594,325,,,,
"test(int, int, int)",7901461237,131890020,1,1,1,1024,1,1,37,304,6352,131.89002,595,318,,,,
"test(int, int, int)",7901461365,110009141,1,1,1,1024,1,1,37,304,6352,110.009141,596,390,,,,
"test(int, int, int)",7901461493,153992491,1,1,1,1024,1,1,37,304,6352,153.992491,597,297,,,,
"test(int, int, int)",7901461589,192293780,1,1,1,1024,1,1,37,304,6352,192.29378,598,315,,,,
"test(int, int, int)",8094142845,157688631,1,1,1,1024,1,1,37,304,6352,157.688631,599,254,,,,
"test(int, int, int)",8094142845,132518992,1,1,1,1024,1,1,37,304,6352,132.518992,600,228,,,,
"test(int, int, int)",8094143005,134723435,1,1,1,1024,1,1,37,304,6352,134.723435,601,239,,,,
"test(int, int, int)",8094143101,116746529,1,1,1,1024,1,1,37,304,6352,116.746529,602,210,,,,
"test(int, int, int)",8094143133,103068912,1,1,1,1024,1,1,37,304,6352,103.068912,603,238,,,,
"test(int, int, int)",8094143261,102481635,1,1,1,1024,1,1,37,304,6352,102.481635,604,198,,,,
"test(int, int, int)",8094143357,151757330,1,1,1,1024,1,1,37,304,6352,151.75733,605,193,,,,
"test(int, int, int)",8094143485,130104732,1,1,1,1024,1,1,37,304,6352,130.104732,606,378,,,,
"test(int, int, int)",8094143581,97611932,1,1,1,1024,1,1,37,304,6352,97.611932,607,294,,,,
"test(int, int, int)",8094143709,89779763,1,1,1,1024,1,1,37,304,6352,89.779763,608,354,,,,
"test(int, int, int)",8094143837,121165206,1,1,1,1024,1,1,37,304,6352,121.165206,609,313,,,,
"test(int, int, int)",8094143965,107063602,1,1,1,1024,1,1,37,304,6352,107.063602,610,393,,,,
"test(int, int, int)",8094144093,113163538,1,1,1,1024,1,1,37,304,6352,113.163538,611,326,,,,
"test(int, int, int)",8252133866,106039571,1,1,1,1024,1,1,37,304,6352,106.039571,612,326,,,,
"test(int, int, int)",8252133866,106212525,1,1,1,1024,1,1,37,304,6352,106.212525,613,405,,,,
"test(int, int, int)",8252133994,126811620,1,1,1,1024,1,1,37,304,6352,126.81162,614,436,,,,
"test(int, int, int)",8252134730,129453105,1,1,1,1024,1,1,37,304,6352,129.453105,615,388,,,,
"test(int, int, int)",8252134730,87608632,1,1,1,1024,1,1,37,304,6352,87.608632,616,321,,,,
"test(int, int, int)",8252134858,101330983,1,1,1,1024,1,1,37,304,6352,101.330983,617,317,,,,
"test(int, int, int)",8252135018,122187542,1,1,1,1024,1,1,37,304,6352,122.187542,618,454,,,,
"test(int, int, int)",8252135114,126193624,1,1,1,1024,1,1,37,304,6352,126.193624,619,324,,,,
"test(int, int, int)",8252135242,123727845,1,1,1,1024,1,1,37,304,6352,123.727845,620,325,,,,
"test(int, int, int)",8252135370,100077263,1,1,1,1024,1,1,37,304,6352,100.077263,621,263,,,,
"test(int, int, int)",8252135498,99580062,1,1,1,1024,1,1,37,304,6352,99.580062,622,286,,,,
"test(int, int, int)",8252168329,98123884,1,1,1,1024,1,1,37,304,6352,98.123884,623,377,,,,
"test(int, int, int)",8252419713,98366501,1,1,1,1024,1,1,37,304,6352,98.366501,624,477,,,,
"test(int, int, int)",8381826451,111075988,1,1,1,1024,1,1,37,304,6352,111.075988,625,388,,,,
"test(int, int, int)",8381826451,102046001,1,1,1,1024,1,1,37,304,6352,102.046001,626,327,,,,
"test(int, int, int)",8381826675,98485921,1,1,1,1024,1,1,37,304,6352,98.485921,627,306,,,,
"test(int, int, int)",8381826931,129440306,1,1,1,1024,1,1,37,304,6352,129.440306,628,334,,,,
"test(int, int, int)",8381826963,151301089,1,1,1,1024,1,1,37,304,6352,151.301089,629,314,,,,
"test(int, int, int)",8381827123,148072934,1,1,1,1024,1,1,37,304,6352,148.072934,630,308,,,,
"test(int, int, int)",8381827219,161574781,1,1,1,1024,1,1,37,304,6352,161.574781,631,332,,,,
"test(int, int, int)",8381845875,124741093,1,1,1,1024,1,1,37,304,6352,124.741093,632,331,,,,
"test(int, int, int)",8381846003,110451143,1,1,1,1024,1,1,37,304,6352,110.451143,633,259,,,,
"test(int, int, int)",8381876082,110815644,1,1,1,1024,1,1,37,304,6352,110.815644,634,347,,,,
"test(int, int, int)",8381913329,94431744,1,1,1,1024,1,1,37,304,6352,94.431744,635,258,,,,
"test(int, int, int)",8381946896,86919181,1,1,1,1024,1,1,37,304,6352,86.919181,636,294,,,,
"test(int, int, int)",8381993454,101093711,1,1,1,1024,1,1,37,304,6352,101.093711,637,304,,,,
"test(int, int, int)",8543703654,111101779,1,1,1,1024,1,1,37,304,6352,111.101779,638,227,,,,
"test(int, int, int)",8543703974,174143409,1,1,1,1024,1,1,37,304,6352,174.143409,639,318,,,,
"test(int, int, int)",8543704358,146558326,1,1,1,1024,1,1,37,304,6352,146.558326,640,306,,,,
"test(int, int, int)",8543704582,177408650,1,1,1,1024,1,1,37,304,6352,177.40865,641,323,,,,
"test(int, int, int)",8543704614,176838588,1,1,1,1024,1,1,37,304,6352,176.838588,642,262,,,,
"test(int, int, int)",8543704710,156722774,1,1,1,1024,1,1,37,304,6352,156.722774,643,302,,,,
"test(int, int, int)",8543704838,169220268,1,1,1,1024,1,1,37,304,6352,169.220268,644,280,,,,
"test(int, int, int)",8543704966,128348404,1,1,1,1024,1,1,37,304,6352,128.348404,645,292,,,,
"test(int, int, int)",8543705094,140421623,1,1,1,1024,1,1,37,304,6352,140.421623,646,214,,,,
"test(int, int, int)",8543705222,157629145,1,1,1,1024,1,1,37,304,6352,157.629145,647,326,,,,
"test(int, int, int)",8543705350,140217726,1,1,1,1024,1,1,37,304,6352,140.217726,648,283,,,,
"test(int, int, int)",8543705446,131646220,1,1,1,1024,1,1,37,304,6352,131.64622,649,288,,,,
"test(int, int, int)",8543705542,136139678,1,1,1,1024,1,1,37,304,6352,136.139678,650,228,,,,
"test(int, int, int)",8721414118,140706254,1,1,1,1024,1,1,37,304,6352,140.706254,651,298,,,,
"test(int, int, int)",8721414118,134348311,1,1,1,1024,1,1,37,304,6352,134.348311,652,228,,,,
"test(int, int, int)",8721414278,131871589,1,1,1,1024,1,1,37,304,6352,131.871589,653,243,,,,
"test(int, int, int)",8721414342,126787813,1,1,1,1024,1,1,37,304,6352,126.787813,654,218,,,,
"test(int, int, int)",8721414374,101543072,1,1,1,1024,1,1,37,304,6352,101.543072,655,325,,,,
"test(int, int, int)",8721414534,89849329,1,1,1,1024,1,1,37,304,6352,89.849329,656,286,,,,
"test(int, int, int)",8721414630,95512094,1,1,1,1024,1,1,37,304,6352,95.512094,657,262,,,,
"test(int, int, int)",8721414758,98686074,1,1,1,1024,1,1,37,304,6352,98.686074,658,234,,,,
"test(int, int, int)",8721414854,83342686,1,1,1,1024,1,1,37,304,6352,83.342686,659,217,,,,
"test(int, int, int)",8721451845,127584908,1,1,1,1024,1,1,37,304,6352,127.584908,660,337,,,,
"test(int, int, int)",8721689150,132996769,1,1,1,1024,1,1,37,304,6352,132.996769,661,372,,,,
"test(int, int, int)",8721774011,137573617,1,1,1,1024,1,1,37,304,6352,137.573617,662,381,,,,
"test(int, int, int)",8862357357,86346559,1,1,1,1024,1,1,37,304,6352,86.346559,663,403,,,,
"test(int, int, int)",8862357357,110597539,1,1,1,1024,1,1,37,304,6352,110.597539,664,367,,,,
"test(int, int, int)",8862357485,90352065,1,1,1,1024,1,1,37,304,6352,90.352065,665,347,,,,
"test(int, int, int)",8862357613,93693783,1,1,1,1024,1,1,37,304,6352,93.693783,666,376,,,,
"test(int, int, int)",8862393196,146310525,1,1,1,1024,1,1,37,304,6352,146.310525,667,265,,,,
"test(int, int, int)",8862627428,101869846,1,1,1,1024,1,1,37,304,6352,101.869846,668,294,,,,
"test(int, int, int)",8862678723,102343911,1,1,1,1024,1,1,37,304,6352,102.343911,669,293,,,,
"test(int, int, int)",8862712066,110911929,1,1,1,1024,1,1,37,304,6352,110.911929,670,322,,,,
"test(int, int, int)",8862766240,104232651,1,1,1,1024,1,1,37,304,6352,104.232651,671,260,,,,
"test(int, int, int)",8862823294,95749943,1,1,1,1024,1,1,37,304,6352,95.749943,672,291,,,,
"test(int, int, int)",8862926395,132818662,1,1,1,1024,1,1,37,304,6352,132.818662,673,278,,,,
"test(int, int, int)",9008939778,114981656,1,1,1,1024,1,1,37,304,6352,114.981656,674,271,,,,
"test(int, int, int)",9008942306,126735910,1,1,1,1024,1,1,37,304,6352,126.73591,675,439,,,,
"test(int, int, int)",9008942466,125321906,1,1,1,1024,1,1,37,304,6352,125.321906,676,370,,,,
"test(int, int, int)",9008942594,118802368,1,1,1,1024,1,1,37,304,6352,118.802368,677,447,,,,
"test(int, int, int)",9008942626,107977717,1,1,1,1024,1,1,37,304,6352,107.977717,678,449,,,,
"test(int, int, int)",9008942786,151416956,1,1,1,1024,1,1,37,304,6352,151.416956,679,399,,,,
"test(int, int, int)",9008942882,141456822,1,1,1,1024,1,1,37,304,6352,141.456822,680,424,,,,
"test(int, int, int)",9008943010,130796742,1,1,1,1024,1,1,37,304,6352,130.796742,681,323,,,,
"test(int, int, int)",9008943106,145671057,1,1,1,1024,1,1,37,304,6352,145.671057,682,343,,,,
"test(int, int, int)",9008943234,123614792,1,1,1,1024,1,1,37,304,6352,123.614792,683,397,,,,
"test(int, int, int)",9008943362,161870611,1,1,1,1024,1,1,37,304,6352,161.870611,684,343,,,,
"test(int, int, int)",9008943490,129995263,1,1,1,1024,1,1,37,304,6352,129.995263,685,339,,,,
"test(int, int, int)",9008943618,83792751,1,1,1,1024,1,1,37,304,6352,83.792751,686,354,,,,
"test(int, int, int)",9171108715,95241319,1,1,1,1024,1,1,37,304,6352,95.241319,687,332,,,,
"test(int, int, int)",9171108715,132408660,1,1,1,1024,1,1,37,304,6352,132.40866,688,326,,,,
"test(int, int, int)",9171108779,71561969,1,1,1,1024,1,1,37,304,6352,71.561969,689,345,,,,
"test(int, int, int)",9171108907,115096053,1,1,1,1024,1,1,37,304,6352,115.096053,690,377,,,,
"test(int, int, int)",9171108939,86411581,1,1,1,1024,1,1,37,304,6352,86.411581,691,339,,,,
"test(int, int, int)",9171109035,92297540,1,1,1,1024,1,1,37,304,6352,92.29754,692,336,,,,
"test(int, int, int)",9171109195,146054854,1,1,1,1024,1,1,37,304,6352,146.054854,693,332,,,,
"test(int, int, int)",9171109291,92645977,1,1,1,1024,1,1,37,304,6352,92.645977,694,283,,,,
"test(int, int, int)",9171130475,82200097,1,1,1,1024,1,1,37,304,6352,82.200097,695,256,,,,
"test(int, int, int)",9171150442,113635299,1,1,1,1024,1,1,37,304,6352,113.635299,696,256,,,,
"test(int, int, int)",9171427457,116769313,1,1,1,1024,1,1,37,304,6352,116.769313,697,384,,,,
"test(int, int, int)",9171490047,97681498,1,1,1,1024,1,1,37,304,6352,97.681498,698,362,,,,
"test(int, int, int)",9171490175,93608922,1,1,1,1024,1,1,37,304,6352,93.608922,699,306,,,,
"test(int, int, int)",9317462791,128492207,1,1,1,1024,1,1,37,304,6352,128.492207,700,327,,,,
"test(int, int, int)",9317462791,111969208,1,1,1,1024,1,1,37,304,6352,111.969208,701,330,,,,
"test(int, int, int)",9317464295,137067873,1,1,1,1024,1,1,37,304,6352,137.067873,702,331,,,,
"test(int, int, int)",9317464455,153363039,1,1,1,1024,1,1,37,304,6352,153.363039,703,319,,,,
"test(int, int, int)",9317464455,130116892,1,1,1,1024,1,1,37,304,6352,130.116892,704,296,,,,
"test(int, int, int)",9317464583,135784649,1,1,1,1024,1,1,37,304,6352,135.784649,705,274,,,,
"test(int, int, int)",9317464679,100707483,1,1,1,1024,1,1,37,304,6352,100.707483,706,294,,,,
"test(int, int, int)",9317464807,117540328,1,1,1,1024,1,1,37,304,6352,117.540328,707,214,,,,
"test(int, int, int)",9317464903,89182470,1,1,1,1024,1,1,37,304,6352,89.18247,708,199,,,,
"test(int, int, int)",9317465031,82789519,1,1,1,1024,1,1,37,304,6352,82.789519,709,248,,,,
"test(int, int, int)",9317502918,99100589,1,1,1,1024,1,1,37,304,6352,99.100589,710,347,,,,
"test(int, int, int)",9317787421,127376786,1,1,1,1024,1,1,37,304,6352,127.376786,711,179,,,,
"test(int, int, int)",9317831548,114069749,1,1,1,1024,1,1,37,304,6352,114.069749,712,294,,,,
"test(int, int, int)",9471062879,88184549,1,1,1,1024,1,1,37,304,6352,88.184549,713,249,,,,
"test(int, int, int)",9471089278,104852120,1,1,1,1024,1,1,37,304,6352,104.85212,714,337,,,,
"test(int, int, int)",9471126493,96515999,1,1,1,1024,1,1,37,304,6352,96.515999,715,381,,,,
"test(int, int, int)",9471344822,100999857,1,1,1,1024,1,1,37,304,6352,100.999857,716,328,,,,
"test(int, int, int)",9471370325,103784762,1,1,1,1024,1,1,37,304,6352,103.784762,717,340,,,,
"test(int, int, int)",9471387349,133697035,1,1,1,1024,1,1,37,304,6352,133.697035,718,332,,,,
"test(int, int, int)",9471408436,110681312,1,1,1,1024,1,1,37,304,6352,110.681312,719,247,,,,
"test(int, int, int)",9471486802,98081709,1,1,1,1024,1,1,37,304,6352,98.081709,720,295,,,,
"test(int, int, int)",9605317688,99724026,1,1,1,1024,1,1,37,304,6352,99.724026,721,224,,,,
"test(int, int, int)",9605317752,114782463,1,1,1,1024,1,1,37,304,6352,114.782463,722,206,,,,
"test(int, int, int)",9605317880,90736789,1,1,1,1024,1,1,37,304,6352,90.736789,723,242,,,,
"test(int, int, int)",9605318008,109458855,1,1,1,1024,1,1,37,304,6352,109.458855,724,246,,,,
"test(int, int, int)",9605355959,121669446,1,1,1,1024,1,1,37,304,6352,121.669446,725,385,,,,
"test(int, int, int)",9605737995,101314247,1,1,1,1024,1,1,37,304,6352,101.314247,726,323,,,,
"test(int, int, int)",9727320884,92503133,1,1,1,1024,1,1,37,304,6352,92.503133,727,402,,,,
"test(int, int, int)",9727321012,113553061,1,1,1,1024,1,1,37,304,6352,113.553061,728,331,,,,
"test(int, int, int)",9727321140,94244742,1,1,1,1024,1,1,37,304,6352,94.244742,729,242,,,,
"test(int, int, int)",9727321236,89040010,1,1,1,1024,1,1,37,304,6352,89.04001,730,234,,,,
"test(int, int, int)",9727342131,109306156,1,1,1,1024,1,1,37,304,6352,109.306156,731,253,,,,
"test(int, int, int)",9727397649,118881118,1,1,1,1024,1,1,37,304,6352,118.881118,732,288,,,,
"test(int, int, int)",9727598475,94594779,1,1,1,1024,1,1,37,304,6352,94.594779,733,224,,,,
"test(int, int, int)",9846546535,92682935,1,1,1,1024,1,1,37,304,6352,92.682935,734,284,,,,
"test(int, int, int)",9846563942,84337758,1,1,1,1024,1,1,37,304,6352,84.337758,735,272,,,,
"test(int, int, int)",9846584805,77574388,1,1,1,1024,1,1,37,304,6352,77.574388,736,231,,,,
"test(int, int, int)",9846895292,86465723,1,1,1,1024,1,1,37,304,6352,86.465723,737,237,,,,
"test(int, int, int)",9939464855,94734582,1,1,1,1024,1,1,37,304,6352,94.734582,738,295,,,,
"test(int, int, int)",9939465367,92635448,1,1,1,1024,1,1,37,304,6352,92.635448,739,232,,,,
"test(int, int, int)",9939465495,87851279,1,1,1,1024,1,1,37,304,6352,87.851279,740,208,,,,
"test(int, int, int)",9939465655,88110471,1,1,1,1024,1,1,37,304,6352,88.110471,741,211,,,,
"test(int, int, int)",9939750254,88806257,1,1,1,1024,1,1,37,304,6352,88.806257,742,199,,,,
"test(int, int, int)",9939814476,85720626,1,1,1,1024,1,1,37,304,6352,85.720626,743,235,,,,
"test(int, int, int)",10034444581,91218886,1,1,1,1024,1,1,37,304,6352,91.218886,744,222,,,,
"test(int, int, int)",10034728253,101745049,1,1,1,1024,1,1,37,304,6352,101.745049,745,215,,,,
"test(int, int, int)",10034819610,88040105,1,1,1,1024,1,1,37,304,6352,88.040105,746,209,,,,
"test(int, int, int)",10136771277,84558135,1,1,1,1024,1,1,37,304,6352,84.558135,747,265,,,,
"test(int, int, int)",10221564733,84012040,1,1,1,1024,1,1,37,304,6352,84.01204,748,215,,,,
"test(int, int, int)",10221564989,84711634,1,1,1,1024,1,1,37,304,6352,84.711634,749,213,,,,
"test(int, int, int)",10221565085,104869111,1,1,1,1024,1,1,37,304,6352,104.869111,750,214,,,,
"test(int, int, int)",10221565213,90622232,1,1,1,1024,1,1,37,304,6352,90.622232,751,271,,,,
"test(int, int, int)",10326679404,103532034,1,1,1,1024,1,1,37,304,6352,103.532034,752,230,,,,
"test(int, int, int)",10326710571,98629340,1,1,1,1024,1,1,37,304,6352,98.62934,753,264,,,,
"test(int, int, int)",10430495077,73247036,1,1,1,1024,1,1,37,304,6352,73.247036,754,250,,,,
"test(int, int, int)",10503948826,101552512,1,1,1,1024,1,1,37,304,6352,101.552512,755,0,,,,
