Name,Start,Time(ns),Duration(ns),GridX,GridY,GridZ,BlockX,BlockY,BlockZ,Registers/Thread,Static,Time(ms),nblock,state,exp,,,,
"test(int, int, int)",289171810,151481236,1,1,1,1024,1,1,37,304,6272,151.481236,0,625,,,,,
"test(int, int, int)",292365107,144345803,1,1,1,1024,1,1,37,304,6352,144.345803,1,294,,Average,time(ns),124973304.974868,
"test(int, int, int)",292421201,137833870,1,1,1,1024,1,1,37,304,6352,137.83387,2,298,,var,time(ns),280619874759899,
"test(int, int, int)",292476623,136868047,1,1,1,1024,1,1,37,304,6352,136.868047,3,319,,,,,
"test(int, int, int)",292532045,149157477,1,1,1,1024,1,1,37,304,6352,149.157477,4,332,,Average,time(ms),124.9733049749,
"test(int, int, int)",294840893,142927677,1,1,1,1024,1,1,37,304,6352,142.927677,5,283,,var,time(ms),280.6198747599,
"test(int, int, int)",294895899,146975696,1,1,1,1024,1,1,37,304,6352,146.975696,6,322,,,,,
"test(int, int, int)",294916379,140711145,1,1,1,1024,1,1,37,304,6352,140.711145,7,309,,Average,blocks,310.5059602649,234432
"test(int, int, int)",294950777,145590976,1,1,1,1024,1,1,37,304,6352,145.590976,8,269,,var,blocks,4012.3086514308,
"test(int, int, int)",294957433,134050321,1,1,1,1024,1,1,37,304,6352,134.050321,9,304,,,,,
"test(int, int, int)",294972569,139984130,1,1,1,1024,1,1,37,304,6352,139.98413,10,335,,,,,
"test(int, int, int)",295007287,138926120,1,1,1,1024,1,1,37,304,6352,138.92612,11,290,,,,,
"test(int, int, int)",295013463,147274598,1,1,1,1024,1,1,37,304,6352,147.274598,12,286,,,,,
"test(int, int, int)",442381402,113345087,1,1,1,1024,1,1,37,304,6352,113.345087,13,291,,,,,
"test(int, int, int)",442381498,113848270,1,1,1,1024,1,1,37,304,6352,113.84827,14,280,,,,,
"test(int, int, int)",442381722,128512465,1,1,1,1024,1,1,37,304,6352,128.512465,15,294,,,,,
"test(int, int, int)",442382042,115518996,1,1,1,1024,1,1,37,304,6352,115.518996,16,313,,,,,
"test(int, int, int)",442382138,118265493,1,1,1,1024,1,1,37,304,6352,118.265493,17,281,,,,,
"test(int, int, int)",442382458,112416640,1,1,1,1024,1,1,37,304,6352,112.41664,18,305,,,,,
"test(int, int, int)",442382682,120972919,1,1,1,1024,1,1,37,304,6352,120.972919,19,300,,,,,
"test(int, int, int)",442383002,115318107,1,1,1,1024,1,1,37,304,6352,115.318107,20,276,,,,,
"test(int, int, int)",442383289,117939265,1,1,1,1024,1,1,37,304,6352,117.939265,21,318,,,,,
"test(int, int, int)",442383449,116682188,1,1,1,1024,1,1,37,304,6352,116.682188,22,278,,,,,
"test(int, int, int)",442383577,117850820,1,1,1,1024,1,1,37,304,6352,117.85082,23,333,,,,,
"test(int, int, int)",442383737,119571720,1,1,1,1024,1,1,37,304,6352,119.57172,24,332,,,,,
"test(int, int, int)",442383865,113766322,1,1,1,1024,1,1,37,304,6352,113.766322,25,329,,,,,
"test(int, int, int)",571328860,106368626,1,1,1,1024,1,1,37,304,6352,106.368626,26,284,,,,,
"test(int, int, int)",571328860,108939193,1,1,1,1024,1,1,37,304,6352,108.939193,27,266,,,,,
"test(int, int, int)",571328988,120400650,1,1,1,1024,1,1,37,304,6352,120.40065,28,306,,,,,
"test(int, int, int)",571329660,108733376,1,1,1,1024,1,1,37,304,6352,108.733376,29,324,,,,,
"test(int, int, int)",571329692,112719925,1,1,1,1024,1,1,37,304,6352,112.719925,30,322,,,,,
"test(int, int, int)",571329820,107783553,1,1,1,1024,1,1,37,304,6352,107.783553,31,320,,,,,
"test(int, int, int)",571329948,107884381,1,1,1,1024,1,1,37,304,6352,107.884381,32,333,,,,,
"test(int, int, int)",571330108,117566925,1,1,1,1024,1,1,37,304,6352,117.566925,33,318,,,,,
"test(int, int, int)",571330204,112430239,1,1,1,1024,1,1,37,304,6352,112.430239,34,280,,,,,
"test(int, int, int)",571330364,115980068,1,1,1,1024,1,1,37,304,6352,115.980068,35,298,,,,,
"test(int, int, int)",571330492,114194658,1,1,1,1024,1,1,37,304,6352,114.194658,36,324,,,,,
"test(int, int, int)",571330620,116748745,1,1,1,1024,1,1,37,304,6352,116.748745,37,305,,,,,
"test(int, int, int)",571330748,109044917,1,1,1,1024,1,1,37,304,6352,109.044917,38,307,,,,,
"test(int, int, int)",691884577,108689474,1,1,1,1024,1,1,37,304,6352,108.689474,39,229,,,,,
"test(int, int, int)",691884577,102761552,1,1,1,1024,1,1,37,304,6352,102.761552,40,246,,,,,
"test(int, int, int)",691884737,100933967,1,1,1,1024,1,1,37,304,6352,100.933967,41,240,,,,,
"test(int, int, int)",691885345,101152327,1,1,1,1024,1,1,37,304,6352,101.152327,42,302,,,,,
"test(int, int, int)",691885377,98490308,1,1,1,1024,1,1,37,304,6352,98.490308,43,302,,,,,
"test(int, int, int)",691885505,107301458,1,1,1,1024,1,1,37,304,6352,107.301458,44,310,,,,,
"test(int, int, int)",691885633,99311911,1,1,1,1024,1,1,37,304,6352,99.311911,45,221,,,,,
"test(int, int, int)",691885729,110644062,1,1,1,1024,1,1,37,304,6352,110.644062,46,269,,,,,
"test(int, int, int)",691885889,98984755,1,1,1,1024,1,1,37,304,6352,98.984755,47,262,,,,,
"test(int, int, int)",691885985,107086617,1,1,1,1024,1,1,37,304,6352,107.086617,48,303,,,,,
"test(int, int, int)",691886113,113236036,1,1,1,1024,1,1,37,304,6352,113.236036,49,238,,,,,
"test(int, int, int)",691886209,109284685,1,1,1,1024,1,1,37,304,6352,109.284685,50,280,,,,,
"test(int, int, int)",691886337,111519711,1,1,1,1024,1,1,37,304,6352,111.519711,51,267,,,,,
"test(int, int, int)",805600916,118717221,1,1,1,1024,1,1,37,304,6352,118.717221,52,253,,,,,
"test(int, int, int)",805600916,121202671,1,1,1,1024,1,1,37,304,6352,121.202671,53,274,,,,,
"test(int, int, int)",805601012,139327610,1,1,1,1024,1,1,37,304,6352,139.32761,54,287,,,,,
"test(int, int, int)",805601492,111818645,1,1,1,1024,1,1,37,304,6352,111.818645,55,286,,,,,
"test(int, int, int)",805601524,119861118,1,1,1,1024,1,1,37,304,6352,119.861118,56,290,,,,,
"test(int, int, int)",805601620,124729205,1,1,1,1024,1,1,37,304,6352,124.729205,57,293,,,,,
"test(int, int, int)",805601748,127467350,1,1,1,1024,1,1,37,304,6352,127.46735,58,305,,,,,
"test(int, int, int)",805601908,126279359,1,1,1,1024,1,1,37,304,6352,126.279359,59,291,,,,,
"test(int, int, int)",805601972,119540553,1,1,1,1024,1,1,37,304,6352,119.540553,60,280,,,,,
"test(int, int, int)",805602132,118350386,1,1,1,1024,1,1,37,304,6352,118.350386,61,279,,,,,
"test(int, int, int)",805602260,135224008,1,1,1,1024,1,1,37,304,6352,135.224008,62,289,,,,,
"test(int, int, int)",805602388,122499810,1,1,1,1024,1,1,37,304,6352,122.49981,63,291,,,,,
"test(int, int, int)",805602484,126634194,1,1,1,1024,1,1,37,304,6352,126.634194,64,280,,,,,
"test(int, int, int)",945234467,121661247,1,1,1,1024,1,1,37,304,6352,121.661247,65,294,,,,,
"test(int, int, int)",945234531,114471353,1,1,1,1024,1,1,37,304,6352,114.471353,66,269,,,,,
"test(int, int, int)",945234595,110760762,1,1,1,1024,1,1,37,304,6352,110.760762,67,252,,,,,
"test(int, int, int)",945234755,118981532,1,1,1,1024,1,1,37,304,6352,118.981532,68,253,,,,,
"test(int, int, int)",945234787,101893262,1,1,1,1024,1,1,37,304,6352,101.893262,69,306,,,,,
"test(int, int, int)",945234883,124901423,1,1,1,1024,1,1,37,304,6352,124.901423,70,282,,,,,
"test(int, int, int)",945235011,105385364,1,1,1,1024,1,1,37,304,6352,105.385364,71,248,,,,,
"test(int, int, int)",945235107,113566200,1,1,1,1024,1,1,37,304,6352,113.5662,72,251,,,,,
"test(int, int, int)",945235267,104194078,1,1,1,1024,1,1,37,304,6352,104.194078,73,261,,,,,
"test(int, int, int)",945235363,124641400,1,1,1,1024,1,1,37,304,6352,124.6414,74,315,,,,,
"test(int, int, int)",945235459,112713430,1,1,1,1024,1,1,37,304,6352,112.71343,75,317,,,,,
"test(int, int, int)",945235587,109492422,1,1,1,1024,1,1,37,304,6352,109.492422,76,318,,,,,
"test(int, int, int)",945235715,129905217,1,1,1,1024,1,1,37,304,6352,129.905217,77,252,,,,,
"test(int, int, int)",1075294495,136701268,1,1,1,1024,1,1,37,304,6352,136.701268,78,313,,,,,
"test(int, int, int)",1075294495,119239891,1,1,1,1024,1,1,37,304,6352,119.239891,79,253,,,,,
"test(int, int, int)",1075294719,118375185,1,1,1,1024,1,1,37,304,6352,118.375185,80,245,,,,,
"test(int, int, int)",1075295102,122412453,1,1,1,1024,1,1,37,304,6352,122.412453,81,259,,,,,
"test(int, int, int)",1075295198,124933870,1,1,1,1024,1,1,37,304,6352,124.93387,82,315,,,,,
"test(int, int, int)",1075295390,120839772,1,1,1,1024,1,1,37,304,6352,120.839772,83,254,,,,,
"test(int, int, int)",1075295646,117006817,1,1,1,1024,1,1,37,304,6352,117.006817,84,305,,,,,
"test(int, int, int)",1075295774,116382199,1,1,1,1024,1,1,37,304,6352,116.382199,85,254,,,,,
"test(int, int, int)",1075295870,133989555,1,1,1,1024,1,1,37,304,6352,133.989555,86,270,,,,,
"test(int, int, int)",1075295998,119076697,1,1,1,1024,1,1,37,304,6352,119.076697,87,324,,,,,
"test(int, int, int)",1075296126,120262160,1,1,1,1024,1,1,37,304,6352,120.26216,88,275,,,,,
"test(int, int, int)",1075296254,114912778,1,1,1,1024,1,1,37,304,6352,114.912778,89,302,,,,,
"test(int, int, int)",1075296350,114402812,1,1,1,1024,1,1,37,304,6352,114.402812,90,323,,,,,
"test(int, int, int)",1212483650,99618077,1,1,1,1024,1,1,37,304,6352,99.618077,91,315,,,,,
"test(int, int, int)",1212483650,104075074,1,1,1,1024,1,1,37,304,6352,104.075074,92,216,,,,,
"test(int, int, int)",1212483842,111289832,1,1,1,1024,1,1,37,304,6352,111.289832,93,333,,,,,
"test(int, int, int)",1212484098,111978224,1,1,1,1024,1,1,37,304,6352,111.978224,94,280,,,,,
"test(int, int, int)",1212484578,99617693,1,1,1,1024,1,1,37,304,6352,99.617693,95,313,,,,,
"test(int, int, int)",1212484706,100340612,1,1,1,1024,1,1,37,304,6352,100.340612,96,315,,,,,
"test(int, int, int)",1212484834,107492939,1,1,1,1024,1,1,37,304,6352,107.492939,97,317,,,,,
"test(int, int, int)",1212484930,112539420,1,1,1,1024,1,1,37,304,6352,112.53942,98,314,,,,,
"test(int, int, int)",1212485058,143117526,1,1,1,1024,1,1,37,304,6352,143.117526,99,273,,,,,
"test(int, int, int)",1212485186,106892544,1,1,1,1024,1,1,37,304,6352,106.892544,100,297,,,,,
"test(int, int, int)",1212485282,103527797,1,1,1,1024,1,1,37,304,6352,103.527797,101,277,,,,,
"test(int, int, int)",1212485410,115248734,1,1,1,1024,1,1,37,304,6352,115.248734,102,262,,,,,
"test(int, int, int)",1212485538,103760525,1,1,1,1024,1,1,37,304,6352,103.760525,103,287,,,,,
"test(int, int, int)",1355906510,121121266,1,1,1,1024,1,1,37,304,6352,121.121266,104,248,,,,,
"test(int, int, int)",1355906510,127078755,1,1,1,1024,1,1,37,304,6352,127.078755,105,301,,,,,
"test(int, int, int)",1355906606,129159802,1,1,1,1024,1,1,37,304,6352,129.159802,106,307,,,,,
"test(int, int, int)",1355907246,133788410,1,1,1,1024,1,1,37,304,6352,133.78841,107,270,,,,,
"test(int, int, int)",1355907278,107580392,1,1,1,1024,1,1,37,304,6352,107.580392,108,279,,,,,
"test(int, int, int)",1355907406,127884199,1,1,1,1024,1,1,37,304,6352,127.884199,109,279,,,,,
"test(int, int, int)",1355907502,121193391,1,1,1,1024,1,1,37,304,6352,121.193391,110,281,,,,,
"test(int, int, int)",1355907662,127905094,1,1,1,1024,1,1,37,304,6352,127.905094,111,307,,,,,
"test(int, int, int)",1355907758,115939270,1,1,1,1024,1,1,37,304,6352,115.93927,112,321,,,,,
"test(int, int, int)",1355907886,137188868,1,1,1,1024,1,1,37,304,6352,137.188868,113,320,,,,,
"test(int, int, int)",1355908014,123180042,1,1,1,1024,1,1,37,304,6352,123.180042,114,308,,,,,
"test(int, int, int)",1355908142,111480832,1,1,1,1024,1,1,37,304,6352,111.480832,115,278,,,,,
"test(int, int, int)",1355908270,126758446,1,1,1,1024,1,1,37,304,6352,126.758446,116,299,,,,,
"test(int, int, int)",1493462309,116366711,1,1,1,1024,1,1,37,304,6352,116.366711,117,232,,,,,
"test(int, int, int)",1493462309,123730551,1,1,1,1024,1,1,37,304,6352,123.730551,118,253,,,,,
"test(int, int, int)",1493462437,116558320,1,1,1,1024,1,1,37,304,6352,116.55832,119,296,,,,,
"test(int, int, int)",1493462693,105885699,1,1,1,1024,1,1,37,304,6352,105.885699,120,299,,,,,
"test(int, int, int)",1493462725,102148133,1,1,1,1024,1,1,37,304,6352,102.148133,121,234,,,,,
"test(int, int, int)",1493463237,109658784,1,1,1,1024,1,1,37,304,6352,109.658784,122,233,,,,,
"test(int, int, int)",1493463397,109749693,1,1,1,1024,1,1,37,304,6352,109.749693,123,262,,,,,
"test(int, int, int)",1493463493,119030778,1,1,1,1024,1,1,37,304,6352,119.030778,124,303,,,,,
"test(int, int, int)",1493463621,99628636,1,1,1,1024,1,1,37,304,6352,99.628636,125,286,,,,,
"test(int, int, int)",1493463717,108995991,1,1,1,1024,1,1,37,304,6352,108.995991,126,322,,,,,
"test(int, int, int)",1493463845,99686106,1,1,1,1024,1,1,37,304,6352,99.686106,127,334,,,,,
"test(int, int, int)",1493463973,117744615,1,1,1,1024,1,1,37,304,6352,117.744615,128,339,,,,,
"test(int, int, int)",1493464069,109569027,1,1,1,1024,1,1,37,304,6352,109.569027,129,340,,,,,
"test(int, int, int)",1617497714,147695831,1,1,1,1024,1,1,37,304,6352,147.695831,130,302,,,,,
"test(int, int, int)",1617497746,150245054,1,1,1,1024,1,1,37,304,6352,150.245054,131,178,,,,,
"test(int, int, int)",1617497842,145301770,1,1,1,1024,1,1,37,304,6352,145.30177,132,253,,,,,
"test(int, int, int)",1617497970,137587670,1,1,1,1024,1,1,37,304,6352,137.58767,133,258,,,,,
"test(int, int, int)",1617497970,139852359,1,1,1,1024,1,1,37,304,6352,139.852359,134,263,,,,,
"test(int, int, int)",1617498130,145182446,1,1,1,1024,1,1,37,304,6352,145.182446,135,252,,,,,
"test(int, int, int)",1617498226,140875203,1,1,1,1024,1,1,37,304,6352,140.875203,136,212,,,,,
"test(int, int, int)",1617498353,142674118,1,1,1,1024,1,1,37,304,6352,142.674118,137,212,,,,,
"test(int, int, int)",1617498481,157366536,1,1,1,1024,1,1,37,304,6352,157.366536,138,326,,,,,
"test(int, int, int)",1617498609,157373415,1,1,1,1024,1,1,37,304,6352,157.373415,139,318,,,,,
"test(int, int, int)",1617498737,150520725,1,1,1,1024,1,1,37,304,6352,150.520725,140,302,,,,,
"test(int, int, int)",1617498833,142870879,1,1,1,1024,1,1,37,304,6352,142.870879,141,322,,,,,
"test(int, int, int)",1617498961,166825311,1,1,1,1024,1,1,37,304,6352,166.825311,142,356,,,,,
"test(int, int, int)",1784632421,135331685,1,1,1,1024,1,1,37,304,6352,135.331685,143,296,,,,,
"test(int, int, int)",1784632421,162883112,1,1,1,1024,1,1,37,304,6352,162.883112,144,302,,,,,
"test(int, int, int)",1784632613,139325850,1,1,1,1024,1,1,37,304,6352,139.32585,145,318,,,,,
"test(int, int, int)",1784633061,140836102,1,1,1,1024,1,1,37,304,6352,140.836102,146,318,,,,,
"test(int, int, int)",1784633157,142722468,1,1,1,1024,1,1,37,304,6352,142.722468,147,319,,,,,
"test(int, int, int)",1784633381,154098937,1,1,1,1024,1,1,37,304,6352,154.098937,148,303,,,,,
"test(int, int, int)",1784633605,142537131,1,1,1,1024,1,1,37,304,6352,142.537131,149,333,,,,,
"test(int, int, int)",1784633797,142651911,1,1,1,1024,1,1,37,304,6352,142.651911,150,335,,,,,
"test(int, int, int)",1784634053,136240517,1,1,1,1024,1,1,37,304,6352,136.240517,151,351,,,,,
"test(int, int, int)",1784634149,155971352,1,1,1,1024,1,1,37,304,6352,155.971352,152,348,,,,,
"test(int, int, int)",1784634277,142278036,1,1,1,1024,1,1,37,304,6352,142.278036,153,346,,,,,
"test(int, int, int)",1784634405,141195385,1,1,1,1024,1,1,37,304,6352,141.195385,154,341,,,,,
"test(int, int, int)",1784634501,143510569,1,1,1,1024,1,1,37,304,6352,143.510569,155,358,,,,,
"test(int, int, int)",1947879776,129385139,1,1,1,1024,1,1,37,304,6352,129.385139,156,347,,,,,
"test(int, int, int)",1947879776,146437475,1,1,1,1024,1,1,37,304,6352,146.437475,157,343,,,,,
"test(int, int, int)",1947879968,139920805,1,1,1,1024,1,1,37,304,6352,139.920805,158,344,,,,,
"test(int, int, int)",1947880544,149186852,1,1,1,1024,1,1,37,304,6352,149.186852,159,320,,,,,
"test(int, int, int)",1947880544,129311318,1,1,1,1024,1,1,37,304,6352,129.311318,160,342,,,,,
"test(int, int, int)",1947880704,150758253,1,1,1,1024,1,1,37,304,6352,150.758253,161,345,,,,,
"test(int, int, int)",1947880800,134266410,1,1,1,1024,1,1,37,304,6352,134.26641,162,339,,,,,
"test(int, int, int)",1947880960,132799357,1,1,1,1024,1,1,37,304,6352,132.799357,163,270,,,,,
"test(int, int, int)",1947881056,155202515,1,1,1,1024,1,1,37,304,6352,155.202515,164,287,,,,,
"test(int, int, int)",1947881184,125707859,1,1,1,1024,1,1,37,304,6352,125.707859,165,259,,,,,
"test(int, int, int)",1947881312,142804385,1,1,1,1024,1,1,37,304,6352,142.804385,166,267,,,,,
"test(int, int, int)",1947881440,149480089,1,1,1,1024,1,1,37,304,6352,149.480089,167,259,,,,,
"test(int, int, int)",1947881536,142451469,1,1,1,1024,1,1,37,304,6352,142.451469,168,274,,,,,
"test(int, int, int)",2103547363,146953488,1,1,1,1024,1,1,37,304,6352,146.953488,169,257,,,,,
"test(int, int, int)",2103547363,133078482,1,1,1,1024,1,1,37,304,6352,133.078482,170,270,,,,,
"test(int, int, int)",2103547523,140253657,1,1,1,1024,1,1,37,304,6352,140.253657,171,251,,,,,
"test(int, int, int)",2103548323,125034697,1,1,1,1024,1,1,37,304,6352,125.034697,172,266,,,,,
"test(int, int, int)",2103548323,136501659,1,1,1,1024,1,1,37,304,6352,136.501659,173,274,,,,,
"test(int, int, int)",2103548451,127156192,1,1,1,1024,1,1,37,304,6352,127.156192,174,263,,,,,
"test(int, int, int)",2103548579,137153637,1,1,1,1024,1,1,37,304,6352,137.153637,175,254,,,,,
"test(int, int, int)",2103548675,139918213,1,1,1,1024,1,1,37,304,6352,139.918213,176,269,,,,,
"test(int, int, int)",2103548835,128120030,1,1,1,1024,1,1,37,304,6352,128.12003,177,261,,,,,
"test(int, int, int)",2103548931,137208131,1,1,1,1024,1,1,37,304,6352,137.208131,178,312,,,,,
"test(int, int, int)",2103549027,149260448,1,1,1,1024,1,1,37,304,6352,149.260448,179,299,,,,,
"test(int, int, int)",2103549155,140359477,1,1,1,1024,1,1,37,304,6352,140.359477,180,312,,,,,
"test(int, int, int)",2103549283,142496875,1,1,1,1024,1,1,37,304,6352,142.496875,181,309,,,,,
"test(int, int, int)",2253115993,140601581,1,1,1,1024,1,1,37,304,6352,140.601581,182,298,,,,,
"test(int, int, int)",2253116025,127788906,1,1,1,1024,1,1,37,304,6352,127.788906,183,299,,,,,
"test(int, int, int)",2253116121,139816552,1,1,1,1024,1,1,37,304,6352,139.816552,184,305,,,,,
"test(int, int, int)",2253117112,136746356,1,1,1,1024,1,1,37,304,6352,136.746356,185,313,,,,,
"test(int, int, int)",2253117112,125539065,1,1,1,1024,1,1,37,304,6352,125.539065,186,302,,,,,
"test(int, int, int)",2253117272,128549424,1,1,1,1024,1,1,37,304,6352,128.549424,187,283,,,,,
"test(int, int, int)",2253117368,125444508,1,1,1,1024,1,1,37,304,6352,125.444508,188,319,,,,,
"test(int, int, int)",2253117496,127820394,1,1,1,1024,1,1,37,304,6352,127.820394,189,296,,,,,
"test(int, int, int)",2253117592,137695315,1,1,1,1024,1,1,37,304,6352,137.695315,190,306,,,,,
"test(int, int, int)",2253117752,143263345,1,1,1,1024,1,1,37,304,6352,143.263345,191,499,,,,,
"test(int, int, int)",2253117848,134555936,1,1,1,1024,1,1,37,304,6352,134.555936,192,210,,,,,
"test(int, int, int)",2253117976,141720007,1,1,1,1024,1,1,37,304,6352,141.720007,193,270,,,,,
"test(int, int, int)",2253118104,141702600,1,1,1,1024,1,1,37,304,6352,141.7026,194,207,,,,,
"test(int, int, int)",2396761564,120699041,1,1,1,1024,1,1,37,304,6352,120.699041,195,225,,,,,
"test(int, int, int)",2396761596,123949840,1,1,1,1024,1,1,37,304,6352,123.94984,196,213,,,,,
"test(int, int, int)",2396761692,123085678,1,1,1,1024,1,1,37,304,6352,123.085678,197,298,,,,,
"test(int, int, int)",2396761820,138102596,1,1,1,1024,1,1,37,304,6352,138.102596,198,283,,,,,
"test(int, int, int)",2396761852,121157233,1,1,1,1024,1,1,37,304,6352,121.157233,199,220,,,,,
"test(int, int, int)",2396761948,130131545,1,1,1,1024,1,1,37,304,6352,130.131545,200,211,,,,,
"test(int, int, int)",2396762076,120416906,1,1,1,1024,1,1,37,304,6352,120.416906,201,287,,,,,
"test(int, int, int)",2396762172,119797056,1,1,1,1024,1,1,37,304,6352,119.797056,202,208,,,,,
"test(int, int, int)",2396762332,134391909,1,1,1,1024,1,1,37,304,6352,134.391909,203,216,,,,,
"test(int, int, int)",2396762428,126431834,1,1,1,1024,1,1,37,304,6352,126.431834,204,216,,,,,
"test(int, int, int)",2396762556,124549083,1,1,1,1024,1,1,37,304,6352,124.549083,205,283,,,,,
"test(int, int, int)",2396762652,128787528,1,1,1,1024,1,1,37,304,6352,128.787528,206,273,,,,,
"test(int, int, int)",2396783419,118593898,1,1,1,1024,1,1,37,304,6352,118.593898,207,280,,,,,
"test(int, int, int)",2535178997,96147445,1,1,1,1024,1,1,37,304,6352,96.147445,208,286,,,,,
"test(int, int, int)",2535178997,104898950,1,1,1,1024,1,1,37,304,6352,104.89895,209,791,,,,,
"test(int, int, int)",2535179253,101930701,1,1,1,1024,1,1,37,304,6352,101.930701,210,494,,,,,
"test(int, int, int)",2535179669,113474140,1,1,1,1024,1,1,37,304,6352,113.47414,211,296,,,,,
"test(int, int, int)",2535179669,100995949,1,1,1,1024,1,1,37,304,6352,100.995949,212,290,,,,,
"test(int, int, int)",2535179797,99771288,1,1,1,1024,1,1,37,304,6352,99.771288,213,497,,,,,
"test(int, int, int)",2535179925,104686541,1,1,1,1024,1,1,37,304,6352,104.686541,214,278,,,,,
"test(int, int, int)",2535180053,97958199,1,1,1,1024,1,1,37,304,6352,97.958199,215,278,,,,,
"test(int, int, int)",2535180149,100404546,1,1,1,1024,1,1,37,304,6352,100.404546,216,285,,,,,
"test(int, int, int)",2535180277,100137067,1,1,1,1024,1,1,37,304,6352,100.137067,217,288,,,,,
"test(int, int, int)",2535180405,102751824,1,1,1,1024,1,1,37,304,6352,102.751824,218,299,,,,,
"test(int, int, int)",2535180501,107113529,1,1,1,1024,1,1,37,304,6352,107.113529,219,280,,,,,
"test(int, int, int)",2535180661,108365133,1,1,1,1024,1,1,37,304,6352,108.365133,220,296,,,,,
"test(int, int, int)",2648968582,102438650,1,1,1,1024,1,1,37,304,6352,102.43865,221,311,,,,,
"test(int, int, int)",2648968582,106103643,1,1,1,1024,1,1,37,304,6352,106.103643,222,370,,,,,
"test(int, int, int)",2648968710,109235662,1,1,1,1024,1,1,37,304,6352,109.235662,223,353,,,,,
"test(int, int, int)",2648968870,98819736,1,1,1,1024,1,1,37,304,6352,98.819736,224,353,,,,,
"test(int, int, int)",2648968870,102983944,1,1,1,1024,1,1,37,304,6352,102.983944,225,293,,,,,
"test(int, int, int)",2648968966,118510188,1,1,1,1024,1,1,37,304,6352,118.510188,226,362,,,,,
"test(int, int, int)",2648969126,104483571,1,1,1,1024,1,1,37,304,6352,104.483571,227,366,,,,,
"test(int, int, int)",2648969222,102328894,1,1,1,1024,1,1,37,304,6352,102.328894,228,367,,,,,
"test(int, int, int)",2648969350,126133028,1,1,1,1024,1,1,37,304,6352,126.133028,229,339,,,,,
"test(int, int, int)",2648969446,104078849,1,1,1,1024,1,1,37,304,6352,104.078849,230,361,,,,,
"test(int, int, int)",2648969574,109214543,1,1,1,1024,1,1,37,304,6352,109.214543,231,363,,,,,
"test(int, int, int)",2648969702,98772826,1,1,1,1024,1,1,37,304,6352,98.772826,232,367,,,,,
"test(int, int, int)",2649006341,109202127,1,1,1,1024,1,1,37,304,6352,109.202127,233,364,,,,,
"test(int, int, int)",2775411839,118883295,1,1,1,1024,1,1,37,304,6352,118.883295,234,335,,,,,
"test(int, int, int)",2775411903,114814797,1,1,1,1024,1,1,37,304,6352,114.814797,235,347,,,,,
"test(int, int, int)",2775411967,121899831,1,1,1,1024,1,1,37,304,6352,121.899831,236,296,,,,,
"test(int, int, int)",2775412095,116657197,1,1,1,1024,1,1,37,304,6352,116.657197,237,604,,,,,
"test(int, int, int)",2775412095,108613060,1,1,1,1024,1,1,37,304,6352,108.61306,238,308,,,,,
"test(int, int, int)",2775412255,119355471,1,1,1,1024,1,1,37,304,6352,119.355471,239,374,,,,,
"test(int, int, int)",2775412351,110510690,1,1,1,1024,1,1,37,304,6352,110.51069,240,605,,,,,
"test(int, int, int)",2775429822,116603151,1,1,1,1024,1,1,37,304,6352,116.603151,241,376,,,,,
"test(int, int, int)",2775430878,128548656,1,1,1,1024,1,1,37,304,6352,128.548656,242,381,,,,,
"test(int, int, int)",2775448158,111357061,1,1,1,1024,1,1,37,304,6352,111.357061,243,371,,,,,
"test(int, int, int)",2775536283,123972558,1,1,1,1024,1,1,37,304,6352,123.972558,244,369,,,,,
"test(int, int, int)",2775556954,118036957,1,1,1,1024,1,1,37,304,6352,118.036957,245,364,,,,,
"test(int, int, int)",2904345825,90118951,1,1,1,1024,1,1,37,304,6352,90.118951,246,355,,,,,
"test(int, int, int)",2904345953,91795661,1,1,1,1024,1,1,37,304,6352,91.795661,247,376,,,,,
"test(int, int, int)",2904346081,100542397,1,1,1,1024,1,1,37,304,6352,100.542397,248,370,,,,,
"test(int, int, int)",2904346209,104535826,1,1,1,1024,1,1,37,304,6352,104.535826,249,235,,,,,
"test(int, int, int)",2904406495,93272217,1,1,1,1024,1,1,37,304,6352,93.272217,250,231,,,,,
"test(int, int, int)",2904459485,95879007,1,1,1,1024,1,1,37,304,6352,95.879007,251,368,,,,,
"test(int, int, int)",2904480989,109378857,1,1,1,1024,1,1,37,304,6352,109.378857,252,627,,,,,
"test(int, int, int)",2904512156,97226607,1,1,1,1024,1,1,37,304,6352,97.226607,253,235,,,,,
"test(int, int, int)",2904536667,109944950,1,1,1,1024,1,1,37,304,6352,109.94495,254,235,,,,,
"test(int, int, int)",2904654199,101839919,1,1,1,1024,1,1,37,304,6352,101.839919,255,226,,,,,
"test(int, int, int)",3014788230,144991861,1,1,1,1024,1,1,37,304,6352,144.991861,256,282,,,,,
"test(int, int, int)",3014788742,131450251,1,1,1,1024,1,1,37,304,6352,131.450251,257,252,,,,,
"test(int, int, int)",3014788870,152893507,1,1,1,1024,1,1,37,304,6352,152.893507,258,253,,,,,
"test(int, int, int)",3014788998,144343595,1,1,1,1024,1,1,37,304,6352,144.343595,259,244,,,,,
"test(int, int, int)",3014789030,156689215,1,1,1,1024,1,1,37,304,6352,156.689215,260,244,,,,,
"test(int, int, int)",3014789158,152145533,1,1,1,1024,1,1,37,304,6352,152.145533,261,245,,,,,
"test(int, int, int)",3014789254,136874511,1,1,1,1024,1,1,37,304,6352,136.874511,262,249,,,,,
"test(int, int, int)",3014789382,146468482,1,1,1,1024,1,1,37,304,6352,146.468482,263,238,,,,,
"test(int, int, int)",3014789510,130951197,1,1,1,1024,1,1,37,304,6352,130.951197,264,255,,,,,
"test(int, int, int)",3014789606,131504905,1,1,1,1024,1,1,37,304,6352,131.504905,265,268,,,,,
"test(int, int, int)",3014789734,152890691,1,1,1,1024,1,1,37,304,6352,152.890691,266,311,,,,,
"test(int, int, int)",3014789862,134006674,1,1,1,1024,1,1,37,304,6352,134.006674,267,828,,,,,
"test(int, int, int)",3014809573,131895388,1,1,1,1024,1,1,37,304,6352,131.895388,268,284,,,,,
"test(int, int, int)",3171787610,118202647,1,1,1,1024,1,1,37,304,6352,118.202647,269,294,,,,,
"test(int, int, int)",3171787642,137761232,1,1,1,1024,1,1,37,304,6352,137.761232,270,284,,,,,
"test(int, int, int)",3171787866,139966019,1,1,1,1024,1,1,37,304,6352,139.966019,271,295,,,,,
"test(int, int, int)",3171789018,133626144,1,1,1,1024,1,1,37,304,6352,133.626144,272,273,,,,,
"test(int, int, int)",3171789146,150068165,1,1,1,1024,1,1,37,304,6352,150.068165,273,320,,,,,
"test(int, int, int)",3171789274,118260853,1,1,1,1024,1,1,37,304,6352,118.260853,274,318,,,,,
"test(int, int, int)",3171789498,147108715,1,1,1,1024,1,1,37,304,6352,147.108715,275,318,,,,,
"test(int, int, int)",3171789690,141875713,1,1,1,1024,1,1,37,304,6352,141.875713,276,322,,,,,
"test(int, int, int)",3171789850,144724574,1,1,1,1024,1,1,37,304,6352,144.724574,277,319,,,,,
"test(int, int, int)",3171790106,146798742,1,1,1,1024,1,1,37,304,6352,146.798742,278,330,,,,,
"test(int, int, int)",3171790234,138094436,1,1,1,1024,1,1,37,304,6352,138.094436,279,296,,,,,
"test(int, int, int)",3171790362,124688790,1,1,1,1024,1,1,37,304,6352,124.68879,280,362,,,,,
"test(int, int, int)",3171790458,119026746,1,1,1,1024,1,1,37,304,6352,119.026746,281,353,,,,,
"test(int, int, int)",3322223378,120798301,1,1,1,1024,1,1,37,304,6352,120.798301,282,288,,,,,
"test(int, int, int)",3322223378,145166927,1,1,1,1024,1,1,37,304,6352,145.166927,283,333,,,,,
"test(int, int, int)",3322223538,153369778,1,1,1,1024,1,1,37,304,6352,153.369778,284,344,,,,,
"test(int, int, int)",3322224146,136187846,1,1,1,1024,1,1,37,304,6352,136.187846,285,317,,,,,
"test(int, int, int)",3322224178,146380164,1,1,1,1024,1,1,37,304,6352,146.380164,286,326,,,,,
"test(int, int, int)",3322224338,157923092,1,1,1,1024,1,1,37,304,6352,157.923092,287,325,,,,,
"test(int, int, int)",3322224434,125085800,1,1,1,1024,1,1,37,304,6352,125.0858,288,330,,,,,
"test(int, int, int)",3322224562,135334500,1,1,1,1024,1,1,37,304,6352,135.3345,289,580,,,,,
"test(int, int, int)",3322224658,135761557,1,1,1,1024,1,1,37,304,6352,135.761557,290,307,,,,,
"test(int, int, int)",3322224786,143074199,1,1,1,1024,1,1,37,304,6352,143.074199,291,270,,,,,
"test(int, int, int)",3322224882,137962793,1,1,1,1024,1,1,37,304,6352,137.962793,292,536,,,,,
"test(int, int, int)",3322225010,159120554,1,1,1,1024,1,1,37,304,6352,159.120554,293,341,,,,,
"test(int, int, int)",3322225170,135327524,1,1,1,1024,1,1,37,304,6352,135.327524,294,298,,,,,
"test(int, int, int)",3481667185,135343748,1,1,1,1024,1,1,37,304,6352,135.343748,295,267,,,,,
"test(int, int, int)",3481667185,137137862,1,1,1,1024,1,1,37,304,6352,137.137862,296,518,,,,,
"test(int, int, int)",3481667313,155991575,1,1,1,1024,1,1,37,304,6352,155.991575,297,283,,,,,
"test(int, int, int)",3481668113,134394277,1,1,1,1024,1,1,37,304,6352,134.394277,298,292,,,,,
"test(int, int, int)",3481668145,141725862,1,1,1,1024,1,1,37,304,6352,141.725862,299,272,,,,,
"test(int, int, int)",3481668273,132663009,1,1,1,1024,1,1,37,304,6352,132.663009,300,269,,,,,
"test(int, int, int)",3481668401,129418002,1,1,1,1024,1,1,37,304,6352,129.418002,301,260,,,,,
"test(int, int, int)",3481668497,134345158,1,1,1,1024,1,1,37,304,6352,134.345158,302,281,,,,,
"test(int, int, int)",3481668657,131296496,1,1,1,1024,1,1,37,304,6352,131.296496,303,243,,,,,
"test(int, int, int)",3481668753,141707495,1,1,1,1024,1,1,37,304,6352,141.707495,304,244,,,,,
"test(int, int, int)",3481668881,149293919,1,1,1,1024,1,1,37,304,6352,149.293919,305,254,,,,,
"test(int, int, int)",3481669009,131725185,1,1,1,1024,1,1,37,304,6352,131.725185,306,260,,,,,
"test(int, int, int)",3481669105,124844016,1,1,1,1024,1,1,37,304,6352,124.844016,307,336,,,,,
"test(int, int, int)",3638024859,140874628,1,1,1,1024,1,1,37,304,6352,140.874628,308,305,,,,,
"test(int, int, int)",3638024859,111733528,1,1,1,1024,1,1,37,304,6352,111.733528,309,262,,,,,
"test(int, int, int)",3638025019,113079977,1,1,1,1024,1,1,37,304,6352,113.079977,310,330,,,,,
"test(int, int, int)",3638025467,118893759,1,1,1,1024,1,1,37,304,6352,118.893759,311,255,,,,,
"test(int, int, int)",3638025499,117794629,1,1,1,1024,1,1,37,304,6352,117.794629,312,284,,,,,
"test(int, int, int)",3638025627,110416806,1,1,1,1024,1,1,37,304,6352,110.416806,313,247,,,,,
"test(int, int, int)",3638025723,125217188,1,1,1,1024,1,1,37,304,6352,125.217188,314,235,,,,,
"test(int, int, int)",3638025883,122420293,1,1,1,1024,1,1,37,304,6352,122.420293,315,250,,,,,
"test(int, int, int)",3638025979,130777475,1,1,1,1024,1,1,37,304,6352,130.777475,316,332,,,,,
"test(int, int, int)",3638026107,129214553,1,1,1,1024,1,1,37,304,6352,129.214553,317,333,,,,,
"test(int, int, int)",3638026203,120158931,1,1,1,1024,1,1,37,304,6352,120.158931,318,312,,,,,
"test(int, int, int)",3638026331,123981647,1,1,1,1024,1,1,37,304,6352,123.981647,319,336,,,,,
"test(int, int, int)",3638026427,129500719,1,1,1,1024,1,1,37,304,6352,129.500719,320,354,,,,,
"test(int, int, int)",3779205268,152425811,1,1,1,1024,1,1,37,304,6352,152.425811,321,368,,,,,
"test(int, int, int)",3779205300,145034292,1,1,1,1024,1,1,37,304,6352,145.034292,322,314,,,,,
"test(int, int, int)",3779205940,136196295,1,1,1,1024,1,1,37,304,6352,136.196295,323,354,,,,,
"test(int, int, int)",3779206068,131219891,1,1,1,1024,1,1,37,304,6352,131.219891,324,305,,,,,
"test(int, int, int)",3779206100,132204881,1,1,1,1024,1,1,37,304,6352,132.204881,325,277,,,,,
"test(int, int, int)",3779206228,127008262,1,1,1,1024,1,1,37,304,6352,127.008262,326,320,,,,,
"test(int, int, int)",3779206356,140090303,1,1,1,1024,1,1,37,304,6352,140.090303,327,320,,,,,
"test(int, int, int)",3779206452,158023057,1,1,1,1024,1,1,37,304,6352,158.023057,328,319,,,,,
"test(int, int, int)",3779206580,146645660,1,1,1,1024,1,1,37,304,6352,146.64566,329,318,,,,,
"test(int, int, int)",3779206676,134612510,1,1,1,1024,1,1,37,304,6352,134.61251,330,306,,,,,
"test(int, int, int)",3779206836,123572157,1,1,1,1024,1,1,37,304,6352,123.572157,331,304,,,,,
"test(int, int, int)",3779206964,132282159,1,1,1,1024,1,1,37,304,6352,132.282159,332,327,,,,,
"test(int, int, int)",3779207060,147630202,1,1,1,1024,1,1,37,304,6352,147.630202,333,343,,,,,
"test(int, int, int)",3937595864,130962300,1,1,1,1024,1,1,37,304,6352,130.9623,334,319,,,,,
"test(int, int, int)",3937595864,137077192,1,1,1,1024,1,1,37,304,6352,137.077192,335,347,,,,,
"test(int, int, int)",3937595992,135222792,1,1,1,1024,1,1,37,304,6352,135.222792,336,314,,,,,
"test(int, int, int)",3937596120,122042322,1,1,1,1024,1,1,37,304,6352,122.042322,337,308,,,,,
"test(int, int, int)",3937596152,126259135,1,1,1,1024,1,1,37,304,6352,126.259135,338,293,,,,,
"test(int, int, int)",3937596280,127523411,1,1,1,1024,1,1,37,304,6352,127.523411,339,301,,,,,
"test(int, int, int)",3937596376,122783672,1,1,1,1024,1,1,37,304,6352,122.783672,340,306,,,,,
"test(int, int, int)",3937596536,130426671,1,1,1,1024,1,1,37,304,6352,130.426671,341,662,,,,,
"test(int, int, int)",3937664278,139766570,1,1,1,1024,1,1,37,304,6352,139.76657,342,306,,,,,
"test(int, int, int)",3937698292,137291809,1,1,1,1024,1,1,37,304,6352,137.291809,343,296,,,,,
"test(int, int, int)",3937698484,128094496,1,1,1,1024,1,1,37,304,6352,128.094496,344,281,,,,,
"test(int, int, int)",3937722996,142080186,1,1,1,1024,1,1,37,304,6352,142.080186,345,310,,,,,
"test(int, int, int)",3937747731,117212313,1,1,1,1024,1,1,37,304,6352,117.212313,346,363,,,,,
"test(int, int, int)",4080109347,138343804,1,1,1,1024,1,1,37,304,6352,138.343804,347,602,,,,,
"test(int, int, int)",4080109347,137846541,1,1,1,1024,1,1,37,304,6352,137.846541,348,309,,,,,
"test(int, int, int)",4080109539,137568087,1,1,1,1024,1,1,37,304,6352,137.568087,349,302,,,,,
"test(int, int, int)",4080109987,160573688,1,1,1,1024,1,1,37,304,6352,160.573688,350,291,,,,,
"test(int, int, int)",4080110851,147477406,1,1,1,1024,1,1,37,304,6352,147.477406,351,282,,,,,
"test(int, int, int)",4080111075,147340835,1,1,1,1024,1,1,37,304,6352,147.340835,352,314,,,,,
"test(int, int, int)",4080111299,138539893,1,1,1,1024,1,1,37,304,6352,138.539893,353,310,,,,,
"test(int, int, int)",4080111587,146284072,1,1,1,1024,1,1,37,304,6352,146.284072,354,310,,,,,
"test(int, int, int)",4080111747,147065805,1,1,1,1024,1,1,37,304,6352,147.065805,355,305,,,,,
"test(int, int, int)",4080111875,142173623,1,1,1,1024,1,1,37,304,6352,142.173623,356,243,,,,,
"test(int, int, int)",4080112003,155015705,1,1,1,1024,1,1,37,304,6352,155.015705,357,371,,,,,
"test(int, int, int)",4080112131,140982944,1,1,1,1024,1,1,37,304,6352,140.982944,358,595,,,,,
"test(int, int, int)",4080112227,156194448,1,1,1,1024,1,1,37,304,6352,156.194448,359,240,,,,,
"test(int, int, int)",4241049262,128223035,1,1,1,1024,1,1,37,304,6352,128.223035,360,349,,,,,
"test(int, int, int)",4241049262,119904220,1,1,1,1024,1,1,37,304,6352,119.90422,361,613,,,,,
"test(int, int, int)",4241049454,134019026,1,1,1,1024,1,1,37,304,6352,134.019026,362,365,,,,,
"test(int, int, int)",4241049678,137144293,1,1,1,1024,1,1,37,304,6352,137.144293,363,341,,,,,
"test(int, int, int)",4241050222,115922534,1,1,1,1024,1,1,37,304,6352,115.922534,364,346,,,,,
"test(int, int, int)",4241050350,124563578,1,1,1,1024,1,1,37,304,6352,124.563578,365,338,,,,,
"test(int, int, int)",4241050446,127641839,1,1,1,1024,1,1,37,304,6352,127.641839,366,336,,,,,
"test(int, int, int)",4241050606,131587174,1,1,1,1024,1,1,37,304,6352,131.587174,367,305,,,,,
"test(int, int, int)",4241050702,137992648,1,1,1,1024,1,1,37,304,6352,137.992648,368,292,,,,,
"test(int, int, int)",4241050830,120508519,1,1,1,1024,1,1,37,304,6352,120.508519,369,313,,,,,
"test(int, int, int)",4241050926,139343129,1,1,1,1024,1,1,37,304,6352,139.343129,370,296,,,,,
"test(int, int, int)",4241051054,130227158,1,1,1,1024,1,1,37,304,6352,130.227158,371,301,,,,,
"test(int, int, int)",4241051182,139328921,1,1,1,1024,1,1,37,304,6352,139.328921,372,341,,,,,
"test(int, int, int)",4380699228,150247903,1,1,1,1024,1,1,37,304,6352,150.247903,373,325,,,,,
"test(int, int, int)",4380699228,132912313,1,1,1,1024,1,1,37,304,6352,132.912313,374,354,,,,,
"test(int, int, int)",4380699388,117683178,1,1,1,1024,1,1,37,304,6352,117.683178,375,367,,,,,
"test(int, int, int)",4380699836,151353560,1,1,1,1024,1,1,37,304,6352,151.35356,376,360,,,,,
"test(int, int, int)",4380699868,135260775,1,1,1,1024,1,1,37,304,6352,135.260775,377,353,,,,,
"test(int, int, int)",4380699996,137156869,1,1,1,1024,1,1,37,304,6352,137.156869,378,350,,,,,
"test(int, int, int)",4380700124,129788101,1,1,1,1024,1,1,37,304,6352,129.788101,379,249,,,,,
"test(int, int, int)",4380700220,150212320,1,1,1,1024,1,1,37,304,6352,150.21232,380,255,,,,,
"test(int, int, int)",4380700348,121255118,1,1,1,1024,1,1,37,304,6352,121.255118,381,237,,,,,
"test(int, int, int)",4380700444,133353481,1,1,1,1024,1,1,37,304,6352,133.353481,382,247,,,,,
"test(int, int, int)",4380700604,115839626,1,1,1,1024,1,1,37,304,6352,115.839626,383,234,,,,,
"test(int, int, int)",4380700732,119142135,1,1,1,1024,1,1,37,304,6352,119.142135,384,239,,,,,
"test(int, int, int)",4380700828,126322046,1,1,1,1024,1,1,37,304,6352,126.322046,385,231,,,,,
"test(int, int, int)",4532421736,146933361,1,1,1,1024,1,1,37,304,6352,146.933361,386,337,,,,,
"test(int, int, int)",4532421768,125022538,1,1,1,1024,1,1,37,304,6352,125.022538,387,235,,,,,
"test(int, int, int)",4532421864,115630160,1,1,1,1024,1,1,37,304,6352,115.63016,388,330,,,,,
"test(int, int, int)",4532421992,135555516,1,1,1,1024,1,1,37,304,6352,135.555516,389,319,,,,,
"test(int, int, int)",4532422024,124010765,1,1,1,1024,1,1,37,304,6352,124.010765,390,334,,,,,
"test(int, int, int)",4532422119,123046735,1,1,1,1024,1,1,37,304,6352,123.046735,391,354,,,,,
"test(int, int, int)",4532422247,117826501,1,1,1,1024,1,1,37,304,6352,117.826501,392,342,,,,,
"test(int, int, int)",4532422375,133316075,1,1,1,1024,1,1,37,304,6352,133.316075,393,343,,,,,
"test(int, int, int)",4532422471,132058135,1,1,1,1024,1,1,37,304,6352,132.058135,394,343,,,,,
"test(int, int, int)",4532422599,123749079,1,1,1,1024,1,1,37,304,6352,123.749079,395,338,,,,,
"test(int, int, int)",4532422727,120660002,1,1,1,1024,1,1,37,304,6352,120.660002,396,352,,,,,
"test(int, int, int)",4532422823,129221017,1,1,1,1024,1,1,37,304,6352,129.221017,397,349,,,,,
"test(int, int, int)",4532422983,125027787,1,1,1,1024,1,1,37,304,6352,125.027787,398,338,,,,,
"test(int, int, int)",4679661166,135608827,1,1,1,1024,1,1,37,304,6352,135.608827,399,326,,,,,
"test(int, int, int)",4679661166,136012525,1,1,1,1024,1,1,37,304,6352,136.012525,400,328,,,,,
"test(int, int, int)",4679661294,121265997,1,1,1,1024,1,1,37,304,6352,121.265997,401,313,,,,,
"test(int, int, int)",4679661710,118417456,1,1,1,1024,1,1,37,304,6352,118.417456,402,317,,,,,
"test(int, int, int)",4679661710,136011437,1,1,1,1024,1,1,37,304,6352,136.011437,403,340,,,,,
"test(int, int, int)",4679661870,124902543,1,1,1,1024,1,1,37,304,6352,124.902543,404,325,,,,,
"test(int, int, int)",4679661966,128270298,1,1,1,1024,1,1,37,304,6352,128.270298,405,329,,,,,
"test(int, int, int)",4679662094,127967044,1,1,1,1024,1,1,37,304,6352,127.967044,406,320,,,,,
"test(int, int, int)",4679662222,116911748,1,1,1,1024,1,1,37,304,6352,116.911748,407,323,,,,,
"test(int, int, int)",4679662318,120596164,1,1,1,1024,1,1,37,304,6352,120.596164,408,320,,,,,
"test(int, int, int)",4679662446,127897383,1,1,1,1024,1,1,37,304,6352,127.897383,409,315,,,,,
"test(int, int, int)",4679662574,128856198,1,1,1,1024,1,1,37,304,6352,128.856198,410,356,,,,,
"test(int, int, int)",4679662670,126128676,1,1,1,1024,1,1,37,304,6352,126.128676,411,341,,,,,
"test(int, int, int)",4816039790,123674586,1,1,1,1024,1,1,37,304,6352,123.674586,412,329,,,,,
"test(int, int, int)",4816039790,146402180,1,1,1,1024,1,1,37,304,6352,146.40218,413,331,,,,,
"test(int, int, int)",4816040014,123685753,1,1,1,1024,1,1,37,304,6352,123.685753,414,332,,,,,
"test(int, int, int)",4816040302,129448881,1,1,1,1024,1,1,37,304,6352,129.448881,415,332,,,,,
"test(int, int, int)",4816040334,126629779,1,1,1,1024,1,1,37,304,6352,126.629779,416,335,,,,,
"test(int, int, int)",4816040462,116084641,1,1,1,1024,1,1,37,304,6352,116.084641,417,356,,,,,
"test(int, int, int)",4816040558,142404239,1,1,1,1024,1,1,37,304,6352,142.404239,418,356,,,,,
"test(int, int, int)",4816040718,135817812,1,1,1,1024,1,1,37,304,6352,135.817812,419,351,,,,,
"test(int, int, int)",4816040814,114024169,1,1,1,1024,1,1,37,304,6352,114.024169,420,346,,,,,
"test(int, int, int)",4816040942,135702360,1,1,1,1024,1,1,37,304,6352,135.70236,421,339,,,,,
"test(int, int, int)",4816041038,131349071,1,1,1,1024,1,1,37,304,6352,131.349071,422,337,,,,,
"test(int, int, int)",4816041166,124544859,1,1,1,1024,1,1,37,304,6352,124.544859,423,348,,,,,
"test(int, int, int)",4816084813,114897834,1,1,1,1024,1,1,37,304,6352,114.897834,424,358,,,,,
"test(int, int, int)",4962747656,138478007,1,1,1,1024,1,1,37,304,6352,138.478007,425,360,,,,,
"test(int, int, int)",4962747656,126594931,1,1,1,1024,1,1,37,304,6352,126.594931,426,341,,,,,
"test(int, int, int)",4962747848,116111423,1,1,1,1024,1,1,37,304,6352,116.111423,427,347,,,,,
"test(int, int, int)",4962748552,140644907,1,1,1,1024,1,1,37,304,6352,140.644907,428,339,,,,,
"test(int, int, int)",4962748552,145646270,1,1,1,1024,1,1,37,304,6352,145.64627,429,336,,,,,
"test(int, int, int)",4962748712,154814559,1,1,1,1024,1,1,37,304,6352,154.814559,430,342,,,,,
"test(int, int, int)",4962748808,124984139,1,1,1,1024,1,1,37,304,6352,124.984139,431,336,,,,,
"test(int, int, int)",4962748936,153194904,1,1,1,1024,1,1,37,304,6352,153.194904,432,340,,,,,
"test(int, int, int)",4962749064,114793997,1,1,1,1024,1,1,37,304,6352,114.793997,433,325,,,,,
"test(int, int, int)",4962786950,152790598,1,1,1,1024,1,1,37,304,6352,152.790598,434,321,,,,,
"test(int, int, int)",4962851012,115909351,1,1,1,1024,1,1,37,304,6352,115.909351,435,308,,,,,
"test(int, int, int)",4962887267,138642929,1,1,1,1024,1,1,37,304,6352,138.642929,436,318,,,,,
"test(int, int, int)",4962909826,116073121,1,1,1,1024,1,1,37,304,6352,116.073121,437,307,,,,,
"test(int, int, int)",5117936378,120141044,1,1,1,1024,1,1,37,304,6352,120.141044,438,308,,,,,
"test(int, int, int)",5117937402,117641227,1,1,1,1024,1,1,37,304,6352,117.641227,439,317,,,,,
"test(int, int, int)",5117937562,119095097,1,1,1,1024,1,1,37,304,6352,119.095097,440,315,,,,,
"test(int, int, int)",5117937722,117541359,1,1,1,1024,1,1,37,304,6352,117.541359,441,309,,,,,
"test(int, int, int)",5117937722,137291873,1,1,1,1024,1,1,37,304,6352,137.291873,442,311,,,,,
"test(int, int, int)",5117937850,132844187,1,1,1,1024,1,1,37,304,6352,132.844187,443,317,,,,,
"test(int, int, int)",5117937978,118119994,1,1,1,1024,1,1,37,304,6352,118.119994,444,309,,,,,
"test(int, int, int)",5117938106,122409606,1,1,1,1024,1,1,37,304,6352,122.409606,445,360,,,,,
"test(int, int, int)",5117938202,121414120,1,1,1,1024,1,1,37,304,6352,121.41412,446,307,,,,,
"test(int, int, int)",5117938362,134629917,1,1,1,1024,1,1,37,304,6352,134.629917,447,313,,,,,
"test(int, int, int)",5117938458,124336387,1,1,1,1024,1,1,37,304,6352,124.336387,448,310,,,,,
"test(int, int, int)",5117938586,119914204,1,1,1,1024,1,1,37,304,6352,119.914204,449,293,,,,,
"test(int, int, int)",5117938682,118905599,1,1,1,1024,1,1,37,304,6352,118.905599,450,308,,,,,
"test(int, int, int)",5255498737,115686991,1,1,1,1024,1,1,37,304,6352,115.686991,451,297,,,,,
"test(int, int, int)",5255498737,103513750,1,1,1,1024,1,1,37,304,6352,103.51375,452,355,,,,,
"test(int, int, int)",5255498801,137951146,1,1,1,1024,1,1,37,304,6352,137.951146,453,353,,,,,
"test(int, int, int)",5255498929,150105412,1,1,1,1024,1,1,37,304,6352,150.105412,454,355,,,,,
"test(int, int, int)",5255498961,134452931,1,1,1,1024,1,1,37,304,6352,134.452931,455,361,,,,,
"test(int, int, int)",5255499089,136737748,1,1,1,1024,1,1,37,304,6352,136.737748,456,324,,,,,
"test(int, int, int)",5255499217,125793680,1,1,1,1024,1,1,37,304,6352,125.79368,457,310,,,,,
"test(int, int, int)",5255518897,120664097,1,1,1,1024,1,1,37,304,6352,120.664097,458,306,,,,,
"test(int, int, int)",5255519121,125010634,1,1,1,1024,1,1,37,304,6352,125.010634,459,352,,,,,
"test(int, int, int)",5255519217,108635843,1,1,1,1024,1,1,37,304,6352,108.635843,460,324,,,,,
"test(int, int, int)",5255521105,132274318,1,1,1,1024,1,1,37,304,6352,132.274318,461,254,,,,,
"test(int, int, int)",5255556463,120923705,1,1,1,1024,1,1,37,304,6352,120.923705,462,290,,,,,
"test(int, int, int)",5255572815,111765591,1,1,1,1024,1,1,37,304,6352,111.765591,463,316,,,,,
"test(int, int, int)",5405969832,124859280,1,1,1,1024,1,1,37,304,6352,124.85928,464,295,,,,,
"test(int, int, int)",5405969832,117839940,1,1,1,1024,1,1,37,304,6352,117.83994,465,328,,,,,
"test(int, int, int)",5405988135,113732371,1,1,1,1024,1,1,37,304,6352,113.732371,466,364,,,,,
"test(int, int, int)",5406067205,120615331,1,1,1,1024,1,1,37,304,6352,120.615331,467,355,,,,,
"test(int, int, int)",5406170497,114215106,1,1,1,1024,1,1,37,304,6352,114.215106,468,342,,,,,
"test(int, int, int)",5406170625,117958080,1,1,1,1024,1,1,37,304,6352,117.95808,469,354,,,,,
"test(int, int, int)",5406192416,123512191,1,1,1,1024,1,1,37,304,6352,123.512191,470,298,,,,,
"test(int, int, int)",5531133997,123819477,1,1,1,1024,1,1,37,304,6352,123.819477,471,323,,,,,
"test(int, int, int)",5531134253,123062767,1,1,1,1024,1,1,37,304,6352,123.062767,472,309,,,,,
"test(int, int, int)",5531134349,118754276,1,1,1,1024,1,1,37,304,6352,118.754276,473,307,,,,,
"test(int, int, int)",5531134477,123103693,1,1,1,1024,1,1,37,304,6352,123.103693,474,301,,,,,
"test(int, int, int)",5531134509,115501525,1,1,1,1024,1,1,37,304,6352,115.501525,475,287,,,,,
"test(int, int, int)",5531134637,117340182,1,1,1,1024,1,1,37,304,6352,117.340182,476,299,,,,,
"test(int, int, int)",5531134765,118623817,1,1,1,1024,1,1,37,304,6352,118.623817,477,311,,,,,
"test(int, int, int)",5531134893,116727595,1,1,1,1024,1,1,37,304,6352,116.727595,478,301,,,,,
"test(int, int, int)",5531134989,125501402,1,1,1,1024,1,1,37,304,6352,125.501402,479,307,,,,,
"test(int, int, int)",5531135117,115267102,1,1,1,1024,1,1,37,304,6352,115.267102,480,311,,,,,
"test(int, int, int)",5531135213,114746576,1,1,1,1024,1,1,37,304,6352,114.746576,481,313,,,,,
"test(int, int, int)",5531135341,118572715,1,1,1,1024,1,1,37,304,6352,118.572715,482,309,,,,,
"test(int, int, int)",5531183180,114780462,1,1,1,1024,1,1,37,304,6352,114.780462,483,315,,,,,
"test(int, int, int)",5656945756,136202630,1,1,1,1024,1,1,37,304,6352,136.20263,484,312,,,,,
"test(int, int, int)",5656945756,147885329,1,1,1,1024,1,1,37,304,6352,147.885329,485,301,,,,,
"test(int, int, int)",5656945980,142695845,1,1,1,1024,1,1,37,304,6352,142.695845,486,292,,,,,
"test(int, int, int)",5656946876,158197995,1,1,1,1024,1,1,37,304,6352,158.197995,487,309,,,,,
"test(int, int, int)",5656947036,143885020,1,1,1,1024,1,1,37,304,6352,143.88502,488,312,,,,,
"test(int, int, int)",5656947132,154446253,1,1,1,1024,1,1,37,304,6352,154.446253,489,297,,,,,
"test(int, int, int)",5656947260,150630321,1,1,1,1024,1,1,37,304,6352,150.630321,490,297,,,,,
"test(int, int, int)",5656947388,138254143,1,1,1,1024,1,1,37,304,6352,138.254143,491,296,,,,,
"test(int, int, int)",5656947516,146675323,1,1,1,1024,1,1,37,304,6352,146.675323,492,296,,,,,
"test(int, int, int)",5656947612,136757459,1,1,1,1024,1,1,37,304,6352,136.757459,493,294,,,,,
"test(int, int, int)",5656947772,152246265,1,1,1,1024,1,1,37,304,6352,152.246265,494,298,,,,,
"test(int, int, int)",5656947868,135853235,1,1,1,1024,1,1,37,304,6352,135.853235,495,330,,,,,
"test(int, int, int)",5656947996,129849475,1,1,1,1024,1,1,37,304,6352,129.849475,496,322,,,,,
"test(int, int, int)",5815510042,135043630,1,1,1,1024,1,1,37,304,6352,135.04363,497,325,,,,,
"test(int, int, int)",5815510074,146638908,1,1,1,1024,1,1,37,304,6352,146.638908,498,336,,,,,
"test(int, int, int)",5815510202,128524017,1,1,1,1024,1,1,37,304,6352,128.524017,499,336,,,,,
"test(int, int, int)",5815510394,129650890,1,1,1,1024,1,1,37,304,6352,129.65089,500,315,,,,,
"test(int, int, int)",5815510490,133497316,1,1,1,1024,1,1,37,304,6352,133.497316,501,305,,,,,
"test(int, int, int)",5815511002,137687218,1,1,1,1024,1,1,37,304,6352,137.687218,502,329,,,,,
"test(int, int, int)",5815511162,135397954,1,1,1,1024,1,1,37,304,6352,135.397954,503,292,,,,,
"test(int, int, int)",5815511258,138719023,1,1,1,1024,1,1,37,304,6352,138.719023,504,261,,,,,
"test(int, int, int)",5815511354,141016479,1,1,1,1024,1,1,37,304,6352,141.016479,505,260,,,,,
"test(int, int, int)",5815511514,135683352,1,1,1,1024,1,1,37,304,6352,135.683352,506,252,,,,,
"test(int, int, int)",5815511610,147778644,1,1,1,1024,1,1,37,304,6352,147.778644,507,258,,,,,
"test(int, int, int)",5815511706,136339553,1,1,1,1024,1,1,37,304,6352,136.339553,508,300,,,,,
"test(int, int, int)",5815511866,141093340,1,1,1,1024,1,1,37,304,6352,141.09334,509,330,,,,,
"test(int, int, int)",5963598243,104851911,1,1,1,1024,1,1,37,304,6352,104.851911,510,317,,,,,
"test(int, int, int)",5963598243,113226340,1,1,1,1024,1,1,37,304,6352,113.22634,511,407,,,,,
"test(int, int, int)",5963598371,119504298,1,1,1,1024,1,1,37,304,6352,119.504298,512,393,,,,,
"test(int, int, int)",5963598467,112832754,1,1,1,1024,1,1,37,304,6352,112.832754,513,404,,,,,
"test(int, int, int)",5963598499,116307737,1,1,1,1024,1,1,37,304,6352,116.307737,514,422,,,,,
"test(int, int, int)",5963598627,107244404,1,1,1,1024,1,1,37,304,6352,107.244404,515,385,,,,,
"test(int, int, int)",5963598755,106796228,1,1,1,1024,1,1,37,304,6352,106.796228,516,422,,,,,
"test(int, int, int)",5963598851,120432266,1,1,1,1024,1,1,37,304,6352,120.432266,517,420,,,,,
"test(int, int, int)",5963599011,107384175,1,1,1,1024,1,1,37,304,6352,107.384175,518,406,,,,,
"test(int, int, int)",5963599107,119183637,1,1,1,1024,1,1,37,304,6352,119.183637,519,417,,,,,
"test(int, int, int)",5963599203,109612994,1,1,1,1024,1,1,37,304,6352,109.612994,520,419,,,,,
"test(int, int, int)",5963599363,107447981,1,1,1,1024,1,1,37,304,6352,107.447981,521,410,,,,,
"test(int, int, int)",5963599459,113509754,1,1,1,1024,1,1,37,304,6352,113.509754,522,413,,,,,
"test(int, int, int)",6084273829,96249553,1,1,1,1024,1,1,37,304,6352,96.249553,523,295,,,,,
"test(int, int, int)",6084273893,99357573,1,1,1,1024,1,1,37,304,6352,99.357573,524,299,,,,,
"test(int, int, int)",6084273957,103817482,1,1,1,1024,1,1,37,304,6352,103.817482,525,300,,,,,
"test(int, int, int)",6084274085,106884768,1,1,1,1024,1,1,37,304,6352,106.884768,526,422,,,,,
"test(int, int, int)",6084274085,101883374,1,1,1,1024,1,1,37,304,6352,101.883374,527,368,,,,,
"test(int, int, int)",6084274213,98017556,1,1,1,1024,1,1,37,304,6352,98.017556,528,333,,,,,
"test(int, int, int)",6084274373,100943694,1,1,1,1024,1,1,37,304,6352,100.943694,529,339,,,,,
"test(int, int, int)",6084274469,106865793,1,1,1,1024,1,1,37,304,6352,106.865793,530,344,,,,,
"test(int, int, int)",6084331235,104214397,1,1,1,1024,1,1,37,304,6352,104.214397,531,342,,,,,
"test(int, int, int)",6084378785,96948985,1,1,1,1024,1,1,37,304,6352,96.948985,532,348,,,,,
"test(int, int, int)",6084401952,104314810,1,1,1,1024,1,1,37,304,6352,104.31481,533,306,,,,,
"test(int, int, int)",6084428799,105347254,1,1,1,1024,1,1,37,304,6352,105.347254,534,357,,,,,
"test(int, int, int)",6084440383,99484353,1,1,1,1024,1,1,37,304,6352,99.484353,535,386,,,,,
"test(int, int, int)",6191344990,121810458,1,1,1,1024,1,1,37,304,6352,121.810458,536,306,,,,,
"test(int, int, int)",6191345246,131226579,1,1,1,1024,1,1,37,304,6352,131.226579,537,344,,,,,
"test(int, int, int)",6191345662,122705755,1,1,1,1024,1,1,37,304,6352,122.705755,538,353,,,,,
"test(int, int, int)",6191345822,115443127,1,1,1,1024,1,1,37,304,6352,115.443127,539,335,,,,,
"test(int, int, int)",6191345822,117859331,1,1,1,1024,1,1,37,304,6352,117.859331,540,361,,,,,
"test(int, int, int)",6191345950,116887621,1,1,1,1024,1,1,37,304,6352,116.887621,541,361,,,,,
"test(int, int, int)",6191346046,115753549,1,1,1,1024,1,1,37,304,6352,115.753549,542,352,,,,,
"test(int, int, int)",6191346174,124925454,1,1,1,1024,1,1,37,304,6352,124.925454,543,303,,,,,
"test(int, int, int)",6191346302,136677142,1,1,1,1024,1,1,37,304,6352,136.677142,544,308,,,,,
"test(int, int, int)",6191346398,123313030,1,1,1,1024,1,1,37,304,6352,123.31303,545,349,,,,,
"test(int, int, int)",6191346558,123311206,1,1,1,1024,1,1,37,304,6352,123.311206,546,367,,,,,
"test(int, int, int)",6191346654,126482296,1,1,1,1024,1,1,37,304,6352,126.482296,547,359,,,,,
"test(int, int, int)",6191346782,116851110,1,1,1,1024,1,1,37,304,6352,116.85111,548,298,,,,,
"test(int, int, int)",6328504483,153999388,1,1,1,1024,1,1,37,304,6352,153.999388,549,289,,,,,
"test(int, int, int)",6328504483,152210938,1,1,1,1024,1,1,37,304,6352,152.210938,550,300,,,,,
"test(int, int, int)",6328505443,154368240,1,1,1,1024,1,1,37,304,6352,154.36824,551,300,,,,,
"test(int, int, int)",6328506243,155049720,1,1,1,1024,1,1,37,304,6352,155.04972,552,275,,,,,
"test(int, int, int)",6328506371,157857014,1,1,1,1024,1,1,37,304,6352,157.857014,553,315,,,,,
"test(int, int, int)",6328506499,156907607,1,1,1,1024,1,1,37,304,6352,156.907607,554,580,,,,,
"test(int, int, int)",6328506627,152461842,1,1,1,1024,1,1,37,304,6352,152.461842,555,355,,,,,
"test(int, int, int)",6328506755,167846619,1,1,1,1024,1,1,37,304,6352,167.846619,556,250,,,,,
"test(int, int, int)",6328506851,163977538,1,1,1,1024,1,1,37,304,6352,163.977538,557,268,,,,,
"test(int, int, int)",6328507011,162068132,1,1,1,1024,1,1,37,304,6352,162.068132,558,251,,,,,
"test(int, int, int)",6328507075,154494059,1,1,1,1024,1,1,37,304,6352,154.494059,559,261,,,,,
"test(int, int, int)",6328507235,156773692,1,1,1,1024,1,1,37,304,6352,156.773692,560,301,,,,,
"test(int, int, int)",6328507363,154219413,1,1,1,1024,1,1,37,304,6352,154.219413,561,299,,,,,
"test(int, int, int)",6496597718,134480610,1,1,1,1024,1,1,37,304,6352,134.48061,562,302,,,,,
"test(int, int, int)",6496597718,128699659,1,1,1,1024,1,1,37,304,6352,128.699659,563,371,,,,,
"test(int, int, int)",6496597878,136010157,1,1,1,1024,1,1,37,304,6352,136.010157,564,385,,,,,
"test(int, int, int)",6496598038,119946811,1,1,1,1024,1,1,37,304,6352,119.946811,565,373,,,,,
"test(int, int, int)",6496598070,132926104,1,1,1,1024,1,1,37,304,6352,132.926104,566,373,,,,,
"test(int, int, int)",6496598582,140910979,1,1,1,1024,1,1,37,304,6352,140.910979,567,286,,,,,
"test(int, int, int)",6496598678,129377171,1,1,1,1024,1,1,37,304,6352,129.377171,568,383,,,,,
"test(int, int, int)",6496598806,121649567,1,1,1,1024,1,1,37,304,6352,121.649567,569,361,,,,,
"test(int, int, int)",6496598966,125691539,1,1,1,1024,1,1,37,304,6352,125.691539,570,387,,,,,
"test(int, int, int)",6496599062,135943279,1,1,1,1024,1,1,37,304,6352,135.943279,571,363,,,,,
"test(int, int, int)",6496599190,136683733,1,1,1,1024,1,1,37,304,6352,136.683733,572,355,,,,,
"test(int, int, int)",6496599318,147120043,1,1,1,1024,1,1,37,304,6352,147.120043,573,274,,,,,
"test(int, int, int)",6496599414,144115891,1,1,1,1024,1,1,37,304,6352,144.115891,574,290,,,,,
"test(int, int, int)",6644084916,124317763,1,1,1,1024,1,1,37,304,6352,124.317763,575,279,,,,,
"test(int, int, int)",6644084980,124483389,1,1,1,1024,1,1,37,304,6352,124.483389,576,277,,,,,
"test(int, int, int)",6644085044,124443103,1,1,1,1024,1,1,37,304,6352,124.443103,577,289,,,,,
"test(int, int, int)",6644085172,115409592,1,1,1,1024,1,1,37,304,6352,115.409592,578,291,,,,,
"test(int, int, int)",6644085204,121764412,1,1,1,1024,1,1,37,304,6352,121.764412,579,294,,,,,
"test(int, int, int)",6644085332,122930451,1,1,1,1024,1,1,37,304,6352,122.930451,580,278,,,,,
"test(int, int, int)",6644085460,128340599,1,1,1,1024,1,1,37,304,6352,128.340599,581,280,,,,,
"test(int, int, int)",6644085588,115273309,1,1,1,1024,1,1,37,304,6352,115.273309,582,284,,,,,
"test(int, int, int)",6644085684,118200663,1,1,1,1024,1,1,37,304,6352,118.200663,583,275,,,,,
"test(int, int, int)",6644085812,123880050,1,1,1,1024,1,1,37,304,6352,123.88005,584,281,,,,,
"test(int, int, int)",6644085908,112900719,1,1,1,1024,1,1,37,304,6352,112.900719,585,303,,,,,
"test(int, int, int)",6644086036,134572159,1,1,1,1024,1,1,37,304,6352,134.572159,586,277,,,,,
"test(int, int, int)",6644140914,120331246,1,1,1,1024,1,1,37,304,6352,120.331246,587,280,,,,,
"test(int, int, int)",6778965032,111892595,1,1,1,1024,1,1,37,304,6352,111.892595,588,285,,,,,
"test(int, int, int)",6778965032,116300601,1,1,1,1024,1,1,37,304,6352,116.300601,589,281,,,,,
"test(int, int, int)",6778965192,109560132,1,1,1,1024,1,1,37,304,6352,109.560132,590,280,,,,,
"test(int, int, int)",6778966248,113556409,1,1,1,1024,1,1,37,304,6352,113.556409,591,275,,,,,
"test(int, int, int)",6778966280,120768062,1,1,1,1024,1,1,37,304,6352,120.768062,592,273,,,,,
"test(int, int, int)",6778966408,111111310,1,1,1,1024,1,1,37,304,6352,111.11131,593,268,,,,,
"test(int, int, int)",6778966536,109531908,1,1,1,1024,1,1,37,304,6352,109.531908,594,257,,,,,
"test(int, int, int)",6778966632,117095294,1,1,1,1024,1,1,37,304,6352,117.095294,595,275,,,,,
"test(int, int, int)",6778988999,115124962,1,1,1,1024,1,1,37,304,6352,115.124962,596,296,,,,,
"test(int, int, int)",6779023430,119028059,1,1,1,1024,1,1,37,304,6352,119.028059,597,259,,,,,
"test(int, int, int)",6779064645,122872277,1,1,1,1024,1,1,37,304,6352,122.872277,598,307,,,,,
"test(int, int, int)",6779088036,109867801,1,1,1,1024,1,1,37,304,6352,109.867801,599,287,,,,,
"test(int, int, int)",6779120963,119724130,1,1,1,1024,1,1,37,304,6352,119.72413,600,324,,,,,
"test(int, int, int)",6902181649,138140131,1,1,1,1024,1,1,37,304,6352,138.140131,601,312,,,,,
"test(int, int, int)",6902181649,135569020,1,1,1,1024,1,1,37,304,6352,135.56902,602,325,,,,,
"test(int, int, int)",6902181905,134327080,1,1,1,1024,1,1,37,304,6352,134.32708,603,316,,,,,
"test(int, int, int)",6902182353,134294569,1,1,1,1024,1,1,37,304,6352,134.294569,604,296,,,,,
"test(int, int, int)",6902182385,146365829,1,1,1,1024,1,1,37,304,6352,146.365829,605,315,,,,,
"test(int, int, int)",6902182513,141015775,1,1,1,1024,1,1,37,304,6352,141.015775,606,352,,,,,
"test(int, int, int)",6902182641,147011343,1,1,1,1024,1,1,37,304,6352,147.011343,607,363,,,,,
"test(int, int, int)",6902182769,131913499,1,1,1,1024,1,1,37,304,6352,131.913499,608,356,,,,,
"test(int, int, int)",6902182865,144905592,1,1,1,1024,1,1,37,304,6352,144.905592,609,363,,,,,
"test(int, int, int)",6902182993,149777359,1,1,1,1024,1,1,37,304,6352,149.777359,610,373,,,,,
"test(int, int, int)",6902183089,143880316,1,1,1,1024,1,1,37,304,6352,143.880316,611,337,,,,,
"test(int, int, int)",6902183217,131258578,1,1,1,1024,1,1,37,304,6352,131.258578,612,349,,,,,
"test(int, int, int)",6902183345,137732849,1,1,1,1024,1,1,37,304,6352,137.732849,613,355,,,,,
"test(int, int, int)",7052324691,142643943,1,1,1,1024,1,1,37,304,6352,142.643943,614,289,,,,,
"test(int, int, int)",7052324691,147657273,1,1,1,1024,1,1,37,304,6352,147.657273,615,278,,,,,
"test(int, int, int)",7052324979,148231365,1,1,1,1024,1,1,37,304,6352,148.231365,616,367,,,,,
"test(int, int, int)",7052326259,141224088,1,1,1,1024,1,1,37,304,6352,141.224088,617,350,,,,,
"test(int, int, int)",7052326291,155816893,1,1,1,1024,1,1,37,304,6352,155.816893,618,356,,,,,
"test(int, int, int)",7052326419,133685470,1,1,1,1024,1,1,37,304,6352,133.68547,619,281,,,,,
"test(int, int, int)",7052326515,145729852,1,1,1,1024,1,1,37,304,6352,145.729852,620,297,,,,,
"test(int, int, int)",7052326643,135447361,1,1,1,1024,1,1,37,304,6352,135.447361,621,294,,,,,
"test(int, int, int)",7052326803,137208643,1,1,1,1024,1,1,37,304,6352,137.208643,622,297,,,,,
"test(int, int, int)",7052326867,162656272,1,1,1,1024,1,1,37,304,6352,162.656272,623,302,,,,,
"test(int, int, int)",7052327027,149573750,1,1,1,1024,1,1,37,304,6352,149.57375,624,310,,,,,
"test(int, int, int)",7052327155,166213012,1,1,1,1024,1,1,37,304,6352,166.213012,625,297,,,,,
"test(int, int, int)",7052327251,148674901,1,1,1,1024,1,1,37,304,6352,148.674901,626,284,,,,,
"test(int, int, int)",7218905658,146029777,1,1,1,1024,1,1,37,304,6352,146.029777,627,303,,,,,
"test(int, int, int)",7218905658,157155791,1,1,1,1024,1,1,37,304,6352,157.155791,628,297,,,,,
"test(int, int, int)",7218905850,144554181,1,1,1,1024,1,1,37,304,6352,144.554181,629,277,,,,,
"test(int, int, int)",7218906234,144700255,1,1,1,1024,1,1,37,304,6352,144.700255,630,268,,,,,
"test(int, int, int)",7218906234,139606000,1,1,1,1024,1,1,37,304,6352,139.606,631,282,,,,,
"test(int, int, int)",7218906394,129902945,1,1,1,1024,1,1,37,304,6352,129.902945,632,262,,,,,
"test(int, int, int)",7218906490,142081722,1,1,1,1024,1,1,37,304,6352,142.081722,633,279,,,,,
"test(int, int, int)",7218906618,125732018,1,1,1,1024,1,1,37,304,6352,125.732018,634,291,,,,,
"test(int, int, int)",7218906714,135104845,1,1,1,1024,1,1,37,304,6352,135.104845,635,281,,,,,
"test(int, int, int)",7218906842,126221089,1,1,1,1024,1,1,37,304,6352,126.221089,636,282,,,,,
"test(int, int, int)",7218906970,134346055,1,1,1,1024,1,1,37,304,6352,134.346055,637,283,,,,,
"test(int, int, int)",7218907066,141135259,1,1,1,1024,1,1,37,304,6352,141.135259,638,300,,,,,
"test(int, int, int)",7218907226,152359509,1,1,1,1024,1,1,37,304,6352,152.359509,639,292,,,,,
"test(int, int, int)",7376369374,127985220,1,1,1,1024,1,1,37,304,6352,127.98522,640,252,,,,,
"test(int, int, int)",7376369374,125373534,1,1,1,1024,1,1,37,304,6352,125.373534,641,307,,,,,
"test(int, int, int)",7376369502,107833984,1,1,1,1024,1,1,37,304,6352,107.833984,642,293,,,,,
"test(int, int, int)",7376369630,126642098,1,1,1,1024,1,1,37,304,6352,126.642098,643,307,,,,,
"test(int, int, int)",7376369662,110505795,1,1,1,1024,1,1,37,304,6352,110.505795,644,257,,,,,
"test(int, int, int)",7376369758,131146166,1,1,1,1024,1,1,37,304,6352,131.146166,645,279,,,,,
"test(int, int, int)",7376369854,112076556,1,1,1,1024,1,1,37,304,6352,112.076556,646,281,,,,,
"test(int, int, int)",7376369982,111565758,1,1,1,1024,1,1,37,304,6352,111.565758,647,285,,,,,
"test(int, int, int)",7376370142,118162105,1,1,1,1024,1,1,37,304,6352,118.162105,648,299,,,,,
"test(int, int, int)",7376387134,109361930,1,1,1,1024,1,1,37,304,6352,109.36193,649,290,,,,,
"test(int, int, int)",7376459003,115408440,1,1,1,1024,1,1,37,304,6352,115.40844,650,278,,,,,
"test(int, int, int)",7376482394,126940072,1,1,1,1024,1,1,37,304,6352,126.940072,651,313,,,,,
"test(int, int, int)",7376513913,131007483,1,1,1,1024,1,1,37,304,6352,131.007483,652,295,,,,,
"test(int, int, int)",7507887463,124053868,1,1,1,1024,1,1,37,304,6352,124.053868,653,294,,,,,
"test(int, int, int)",7507887559,130115834,1,1,1,1024,1,1,37,304,6352,130.115834,654,298,,,,,
"test(int, int, int)",7507887687,131910555,1,1,1,1024,1,1,37,304,6352,131.910555,655,312,,,,,
"test(int, int, int)",7507887783,127861768,1,1,1,1024,1,1,37,304,6352,127.861768,656,301,,,,,
"test(int, int, int)",7507945541,134218859,1,1,1,1024,1,1,37,304,6352,134.218859,657,324,,,,,
"test(int, int, int)",7507992963,124208071,1,1,1,1024,1,1,37,304,6352,124.208071,658,229,,,,,
"test(int, int, int)",7508020546,130285908,1,1,1,1024,1,1,37,304,6352,130.285908,659,311,,,,,
"test(int, int, int)",7508041090,135266790,1,1,1,1024,1,1,37,304,6352,135.26679,660,301,,,,,
"test(int, int, int)",7508051169,123503552,1,1,1,1024,1,1,37,304,6352,123.503552,661,239,,,,,
"test(int, int, int)",7508063713,128667148,1,1,1,1024,1,1,37,304,6352,128.667148,662,236,,,,,
"test(int, int, int)",7508081856,131294385,1,1,1,1024,1,1,37,304,6352,131.294385,663,254,,,,,
"test(int, int, int)",7508219068,130857631,1,1,1,1024,1,1,37,304,6352,130.857631,664,260,,,,,
"test(int, int, int)",7508241979,123343716,1,1,1,1024,1,1,37,304,6352,123.343716,665,253,,,,,
"test(int, int, int)",7643614014,141220984,1,1,1,1024,1,1,37,304,6352,141.220984,666,258,,,,,
"test(int, int, int)",7643614270,147675287,1,1,1,1024,1,1,37,304,6352,147.675287,667,253,,,,,
"test(int, int, int)",7643614462,135458176,1,1,1,1024,1,1,37,304,6352,135.458176,668,299,,,,,
"test(int, int, int)",7643614686,119077177,1,1,1,1024,1,1,37,304,6352,119.077177,669,367,,,,,
"test(int, int, int)",7643614782,126977446,1,1,1,1024,1,1,37,304,6352,126.977446,670,380,,,,,
"test(int, int, int)",7643614910,135754325,1,1,1,1024,1,1,37,304,6352,135.754325,671,383,,,,,
"test(int, int, int)",7643615006,131818846,1,1,1,1024,1,1,37,304,6352,131.818846,672,378,,,,,
"test(int, int, int)",7643615134,141557612,1,1,1,1024,1,1,37,304,6352,141.557612,673,370,,,,,
"test(int, int, int)",7643615294,131981368,1,1,1,1024,1,1,37,304,6352,131.981368,674,381,,,,,
"test(int, int, int)",7643615390,135439328,1,1,1,1024,1,1,37,304,6352,135.439328,675,378,,,,,
"test(int, int, int)",7643615518,132572452,1,1,1,1024,1,1,37,304,6352,132.572452,676,364,,,,,
"test(int, int, int)",7643615646,124619288,1,1,1,1024,1,1,37,304,6352,124.619288,677,388,,,,,
"test(int, int, int)",7643615742,120684481,1,1,1,1024,1,1,37,304,6352,120.684481,678,375,,,,,
"test(int, int, int)",7791595307,112559003,1,1,1,1024,1,1,37,304,6352,112.559003,679,627,,,,,
"test(int, int, int)",7791595339,108292335,1,1,1,1024,1,1,37,304,6352,108.292335,680,250,,,,,
"test(int, int, int)",7791595435,118478605,1,1,1,1024,1,1,37,304,6352,118.478605,681,254,,,,,
"test(int, int, int)",7791595531,118767875,1,1,1,1024,1,1,37,304,6352,118.767875,682,259,,,,,
"test(int, int, int)",7791595563,115072228,1,1,1,1024,1,1,37,304,6352,115.072228,683,384,,,,,
"test(int, int, int)",7791595723,125419836,1,1,1,1024,1,1,37,304,6352,125.419836,684,372,,,,,
"test(int, int, int)",7791595819,123075182,1,1,1,1024,1,1,37,304,6352,123.075182,685,253,,,,,
"test(int, int, int)",7791595947,112205223,1,1,1,1024,1,1,37,304,6352,112.205223,686,268,,,,,
"test(int, int, int)",7791596043,123724567,1,1,1,1024,1,1,37,304,6352,123.724567,687,273,,,,,
"test(int, int, int)",7791596171,125378814,1,1,1,1024,1,1,37,304,6352,125.378814,688,256,,,,,
"test(int, int, int)",7791614570,116569104,1,1,1,1024,1,1,37,304,6352,116.569104,689,258,,,,,
"test(int, int, int)",7791614698,109359306,1,1,1,1024,1,1,37,304,6352,109.359306,690,462,,,,,
"test(int, int, int)",7791634793,113326593,1,1,1,1024,1,1,37,304,6352,113.326593,691,241,,,,,
"test(int, int, int)",7917379387,98278699,1,1,1,1024,1,1,37,304,6352,98.278699,692,245,,,,,
"test(int, int, int)",7917379419,109821466,1,1,1,1024,1,1,37,304,6352,109.821466,693,255,,,,,
"test(int, int, int)",7917380283,93309751,1,1,1,1024,1,1,37,304,6352,93.309751,694,230,,,,,
"test(int, int, int)",7917380635,93186908,1,1,1,1024,1,1,37,304,6352,93.186908,695,244,,,,,
"test(int, int, int)",7917380635,93631468,1,1,1,1024,1,1,37,304,6352,93.631468,696,235,,,,,
"test(int, int, int)",7917380763,101262371,1,1,1,1024,1,1,37,304,6352,101.262371,697,223,,,,,
"test(int, int, int)",7917380891,101616887,1,1,1,1024,1,1,37,304,6352,101.616887,698,310,,,,,
"test(int, int, int)",7917381019,106763204,1,1,1,1024,1,1,37,304,6352,106.763204,699,300,,,,,
"test(int, int, int)",7917416153,100774837,1,1,1,1024,1,1,37,304,6352,100.774837,700,282,,,,,
"test(int, int, int)",7917450840,98633919,1,1,1,1024,1,1,37,304,6352,98.633919,701,257,,,,,
"test(int, int, int)",7917485815,102421659,1,1,1,1024,1,1,37,304,6352,102.421659,702,245,,,,,
"test(int, int, int)",7917540565,102848429,1,1,1,1024,1,1,37,304,6352,102.848429,703,236,,,,,
"test(int, int, int)",7917558549,99585597,1,1,1,1024,1,1,37,304,6352,99.585597,704,233,,,,,
"test(int, int, int)",8027517482,99709177,1,1,1,1024,1,1,37,304,6352,99.709177,705,300,,,,,
"test(int, int, int)",8027517482,99199435,1,1,1,1024,1,1,37,304,6352,99.199435,706,298,,,,,
"test(int, int, int)",8027518058,95722564,1,1,1,1024,1,1,37,304,6352,95.722564,707,310,,,,,
"test(int, int, int)",8027587912,115731597,1,1,1,1024,1,1,37,304,6352,115.731597,708,295,,,,,
"test(int, int, int)",8027628934,120347821,1,1,1,1024,1,1,37,304,6352,120.347821,709,298,,,,,
"test(int, int, int)",8027641222,100579515,1,1,1,1024,1,1,37,304,6352,100.579515,710,287,,,,,
"test(int, int, int)",8027651845,118031453,1,1,1,1024,1,1,37,304,6352,118.031453,711,308,,,,,
"test(int, int, int)",8027809984,111486848,1,1,1,1024,1,1,37,304,6352,111.486848,712,321,,,,,
"test(int, int, int)",8148295976,97790332,1,1,1,1024,1,1,37,304,6352,97.790332,713,259,,,,,
"test(int, int, int)",8148315687,108438282,1,1,1,1024,1,1,37,304,6352,108.438282,714,335,,,,,
"test(int, int, int)",8148359334,108609476,1,1,1,1024,1,1,37,304,6352,108.609476,715,322,,,,,
"test(int, int, int)",8148438851,104984994,1,1,1,1024,1,1,37,304,6352,104.984994,716,307,,,,,
"test(int, int, int)",8257274111,108628644,1,1,1,1024,1,1,37,304,6352,108.628644,717,333,,,,,
"test(int, int, int)",8257274335,94522574,1,1,1,1024,1,1,37,304,6352,94.522574,718,267,,,,,
"test(int, int, int)",8257274463,90395965,1,1,1,1024,1,1,37,304,6352,90.395965,719,314,,,,,
"test(int, int, int)",8257274591,100967918,1,1,1,1024,1,1,37,304,6352,100.967918,720,337,,,,,
"test(int, int, int)",8257274623,99258921,1,1,1,1024,1,1,37,304,6352,99.258921,721,321,,,,,
"test(int, int, int)",8257274719,92087970,1,1,1,1024,1,1,37,304,6352,92.08797,722,321,,,,,
"test(int, int, int)",8257274847,96642756,1,1,1,1024,1,1,37,304,6352,96.642756,723,317,,,,,
"test(int, int, int)",8257274943,89635735,1,1,1,1024,1,1,37,304,6352,89.635735,724,331,,,,,
"test(int, int, int)",8257355676,99640956,1,1,1,1024,1,1,37,304,6352,99.640956,725,340,,,,,
"test(int, int, int)",8366207832,94418929,1,1,1,1024,1,1,37,304,6352,94.418929,726,309,,,,,
"test(int, int, int)",8366207960,91298302,1,1,1,1024,1,1,37,304,6352,91.298302,727,266,,,,,
"test(int, int, int)",8366208088,93505137,1,1,1,1024,1,1,37,304,6352,93.505137,728,267,,,,,
"test(int, int, int)",8366208216,95695397,1,1,1,1024,1,1,37,304,6352,95.695397,729,281,,,,,
"test(int, int, int)",8366226904,101481020,1,1,1,1024,1,1,37,304,6352,101.48102,730,260,,,,,
"test(int, int, int)",8366259287,86773306,1,1,1,1024,1,1,37,304,6352,86.773306,731,277,,,,,
"test(int, int, int)",8366259383,87879828,1,1,1,1024,1,1,37,304,6352,87.879828,732,252,,,,,
"test(int, int, int)",8366388402,104433685,1,1,1,1024,1,1,37,304,6352,104.433685,733,279,,,,,
"test(int, int, int)",8471158140,97857113,1,1,1,1024,1,1,37,304,6352,97.857113,734,266,,,,,
"test(int, int, int)",8471192859,91821675,1,1,1,1024,1,1,37,304,6352,91.821675,735,258,,,,,
"test(int, int, int)",8471272568,89425022,1,1,1,1024,1,1,37,304,6352,89.425022,736,258,,,,,
"test(int, int, int)",8471292279,106883776,1,1,1,1024,1,1,37,304,6352,106.883776,737,245,,,,,
"test(int, int, int)",8578482093,91438488,1,1,1,1024,1,1,37,304,6352,91.438488,738,250,,,,,
"test(int, int, int)",8578482573,110003092,1,1,1,1024,1,1,37,304,6352,110.003092,739,249,,,,,
"test(int, int, int)",8578482701,101963531,1,1,1,1024,1,1,37,304,6352,101.963531,740,257,,,,,
"test(int, int, int)",8578482797,94619114,1,1,1,1024,1,1,37,304,6352,94.619114,741,273,,,,,
"test(int, int, int)",8578535211,97772029,1,1,1,1024,1,1,37,304,6352,97.772029,742,251,,,,,
"test(int, int, int)",8578556202,100959662,1,1,1,1024,1,1,37,304,6352,100.959662,743,228,,,,,
"test(int, int, int)",8688729400,98996114,1,1,1,1024,1,1,37,304,6352,98.996114,744,229,,,,,
"test(int, int, int)",8688729528,106904832,1,1,1,1024,1,1,37,304,6352,106.904832,745,210,,,,,
"test(int, int, int)",8688729656,86386728,1,1,1,1024,1,1,37,304,6352,86.386728,746,214,,,,,
"test(int, int, int)",8688729752,93793671,1,1,1,1024,1,1,37,304,6352,93.793671,747,241,,,,,
"test(int, int, int)",8688748376,87687866,1,1,1,1024,1,1,37,304,6352,87.687866,748,239,,,,,
"test(int, int, int)",8688773591,103687087,1,1,1,1024,1,1,37,304,6352,103.687087,749,222,,,,,
"test(int, int, int)",8795968684,102893707,1,1,1,1024,1,1,37,304,6352,102.893707,750,226,,,,,
"test(int, int, int)",8795987211,88964783,1,1,1,1024,1,1,37,304,6352,88.964783,751,233,,,,,
"test(int, int, int)",8796039434,107521322,1,1,1,1024,1,1,37,304,6352,107.521322,752,227,,,,,
"test(int, int, int)",8903912904,83116921,1,1,1,1024,1,1,37,304,6352,83.116921,753,263,,,,,
"test(int, int, int)",8903945222,81781800,1,1,1,1024,1,1,37,304,6352,81.7818,754,251,,,,,
"test(int, int, int)",8987380213,102942761,1,1,1,1024,1,1,37,304,6352,102.942761,755,0,,,,,
